a',
233328,K6374415,n,,the word 'parampara',
233329,K3392541,n,,the word 'pautra',
233330,K4257941,n,,the word 'avāra',
233331,K9668941,n,,the word 'anukāma',
233333,K3647112,n,,the word 'adyaśvīna',
233334,K3966184,n,,the word 'āgavīna',
233335,K6903856,n,,the word 'anugu',
233336,K6757495,n,,the word 'abhyamitra',
233337,K6022689,n,,the word 'goṣṭha',
233338,K3992478,n,,the word 'śālīna',
233339,K2545127,n,,the word 'kaupīna',
233340,K3700802,n,,the word 'vrāta',
233341,K9487078,n,,the word 'sāptapadīna',
233342,K6668678,n,,the word 'haiyaṃgavīna',
233343,K6746030,n,,the word 'pīlu',
233353,K5269399,n,,the word 'ayānaya',
233362,K6927719,n,,the word 'ci',
233365,K1542769,n,,the word 'tārakā',
233368,K6488491,n,,the word 'tri',
233370,K5122390,n,,the word 'ubha',
233371,K7544860,n,,the word 'daśan',
233376,K3980634,n,,the word 'kati',
233377,K6974550,n,,augment thuk,1974
233378,K6410630,n,,the word 'pūga',
233381,K7817400,n,,taddh. tīya,1974
233384,K8166792,n,,the word 'vimukta',
233385,K9594315,n,,the word 'goṣad',
233386,K1360955,n,,the word 'hiraṇya',
233387,K1901347,n,,the word 'aṃśa',
233388,K8295976,n,,the word 'tantra',
233389,K9202900,n,,the word 'sasya',
233390,K8287196,n,,the word 'brāhmaṇaka',
233391,K2220298,n,,the word 'uṣṇikā',
233392,K7242949,n,,the word 'śīta',
233393,K1224346,n,,the word 'uṣṇa',
233394,K4208010,n,,the word 'adhika',
233395,K4407657,n,,the word 'anuka',
233396,K6951440,n,,the word 'abhika',
233397,K7952506,n,,the word 'abhīka',
233398,K1078264,n,,the word 'pārśva',
233399,K2192420,n,,the word 'ajina',
233400,K3652600,n,,the word 'śṛṅkhala',
233401,K8489603,n,,the word 'utka',
233402,K8388823,n,,the word 'kulmāṣa',
233403,K1104198,n,,the word 'śrotriya',
233404,K1920430,n,,the word 'śrāddha',
233405,K4947813,n,,the word 'iṣṭa',
233406,K4385785,n,,the word 'paripanthin',
233407,K8464776,n,,the word 'pariparin',
233408,K4197666,n,,the word 'anupadin',
233409,K1480650,n,,the word 'kṣetriyac',
233410,K5586978,n,,the word 'indriya',
233412,K3547514,n,,the word 'sidhma',
233413,K7773690,n,,the word 'aṃsa',
233414,K1134600,n,,the word 'phena',
233416,K3587618,n,,the word 'pāman',
233417,K6740588,n,,the word 'piccha',
233418,K1789049,n,,the word 'prajñā',
233419,K7867547,n,,the word 'śraddhā',
233420,K1874105,n,,the word 'arcā',
233421,K4403141,n,,the word 'vṛtti',
233423,K5773409,n,,the word 'sikatā',
233425,K7459402,n,,the word 'ūṣa',
233426,K3825869,n,,the word 'suṣi',
233427,K7383117,n,,the word 'muṣka',
233429,K2064980,n,,the word 'gāṇḍī',
233430,K2536584,n,,the word 'ajaga',
233431,K7633540,n,,the word 'aṇḍa',
233434,K7856643,n,,the word 'rajas',
233435,K1550705,n,,the word 'kṛṣi',
233436,K1117469,n,,the word 'āsuti',
233437,K1692359,n,,the word 'jyotsnā',
233438,K5974224,n,,the word 'tamisrā',
233439,K1314909,n,,the word 'śṛṅgiṇa',
233440,K3271046,n,,the word 'ūrjasvin',
233441,K3047389,n,,the word 'ūrjasvala',
233442,K1776529,n,,the word 'gomin',
233443,K6097745,n,,the word 'malina',
233444,K6242459,n,,the word 'malīmasa',
233445,K3578634,n,,the word 'eka',
233446,K8651644,n,,nominal affix -as,1974
233447,K2839850,n,,the word 'māyā',
233448,K6105102,n,,the word 'medhā',
233453,K7181326,n,,the word 'arśas',
233455,K5815264,n,,the word 'vāta',
233456,K2041911,n,,the word 'atisāra',
233457,K5043270,n,,the word 'śīla',
233458,K2926811,n,,the word 'puṣkara',
233459,K9262045,n,,kind of bīja,
233460,K1466417,n,,the word 'kaṃ',
233465,K3727293,n,,the word 'tundi',
233466,K7902160,n,,the word 'vali',
233467,K3965071,n,,the word 'vaṭi',
233468,K7057032,n,,the word 'śubham',
233469,K7638625,n,,the word 'iś',
233470,K7849411,n,,the word 'eta',
233471,K9358518,n,,the word 'it',
233472,K2017277,n,,the word 'sa',
233479,K7424078,n,,the word 'adhunā',
233481,K7108847,n,,the word 'sadyas',
233482,K3887520,n,,the word 'parut',
233483,K6625581,n,,the word 'parāri',
233484,K4902952,n,,the word 'paredyavi',
233485,K6467771,n,,the word 'adya',
233486,K9526985,n,,the word 'pūrvedyus',
233487,K7664455,n,,the word 'anyedyus',
233488,K7487219,n,,the word 'anyataredyus',
233489,K3444672,n,,the word 'itaredyus',
233490,K6641675,n,,the word 'aparedyus',
233491,K8647987,n,,the word 'adharedyus',
233492,K3580555,n,,the word 'ubhayedyus',
233493,K7347955,n,,the word 'uttaredyus',
233499,K3265169,n,,the word 'upari',
233500,K2687290,n,,the word 'upariṣṭāt',
233501,K7691780,n,,the word 'paśca',
233502,K6960261,n,,the word 'paścā',
233504,K8608240,n,,the word 'dakṣiṇa',
233507,K3522574,n,,the word 'adh',
233508,K9518319,n,,the word 'av',
233511,K7660213,n,,the word 'edhāc',
233514,K9719471,n,,the word 'ṣaṣṭha',
233515,K5083481,n,,the word 'aṣṭama',
233518,K6923318,n,,the word 'śra',
233519,K8775160,n,,the word 'antika',
233520,K4125121,n,,the word 'bāḍha',
233521,K4209923,n,,the word 'neda',
233522,K2065204,n,,the word 'sādha',
233530,K6659090,n,,sūtra Aṣṭādhyāyī 5.3.96,
233531,K2575800,n,,"taddh. ak, vor dem letzten Vocal eingeschoben, der den Acut erh￤lt",1974
233534,K8696202,n,,the word 'śevala',
233535,K2341048,n,,the word 'kuṭī',
233536,K6757502,n,,the word 'śuṇḍā',
233537,K4713704,n,,the word 'kutū',
233539,K7376264,n,,the word 'kāsū',
233540,K3985864,n,,the word 'goṇī',
233543,K6332673,n,,the word 'supari',
233544,K2907487,n,,the word 'viśāla',
233547,K1384468,n,,the word 'iva',
233548,K2788890,n,,the word 'devapatha',
233549,K2366402,n,,the word 'śilā',
233550,K1227890,n,,the word 'śākhā',
233551,K9981720,n,,the word 'karka',
233552,K2192080,n,,the word 'pratna',
233553,K1087653,n,,pronoun ima-,
233554,K9143544,n,,descendant of an out-caste Brāhman,
233556,K8768630,n,,the word 'vṛka',
233558,K3236323,n,,the word 'dāmani',
233559,K3301790,n,,the word 'parśu',
233560,K4627210,n,,the word 'vidabhṛt',
233561,K4488005,n,,the word 'śālāvant',
233562,K8543100,n,,the word 'śikhāvant',
233563,K8750328,n,,the word 'śamīvant',
233564,K7246949,n,,the word 'ūrṇāvant',
233565,K6129872,n,,the word 'śarumant',
233566,K4649835,n,,name of a Ṛṣi,
233567,K5084853,n,,name of a Dārbhāyaṇa,
233568,K4319047,n,,the word 'bṛhatī',
233569,K1906797,n,,the word 'a',
233571,K2806883,n,,the word 'āśitaṃgu',
233572,K3276584,n,,the word 'alaṃkarman',
233573,K3770140,n,,the word 'alaṃpuruṣa',
233574,K7698510,n,,the word 'adhi',
233575,K4504017,n,,the word 'jāti',
233578,K3382214,n,,the word 'anugādin',
233579,K1376654,n,,the word 'visārin',
233582,K7949005,n,,the word 'sakṛt',
233583,K2416307,n,,the word 'itiha',
233584,K5246760,n,,the word 'devatā',
233585,K8416002,n,,the word 'argha',
233586,K2841239,n,,the word 'vinaya',
233587,K3977518,n,,the word 'oṣadhi',
233588,K7480324,n,,the word 'mṛd',
233591,K1727326,n,,the word 'jyeṣṭha',
233594,K4240490,n,,the word 'hīya',
233595,K1691553,n,,the word 'prajña',
233596,K8327754,n,,the word 'manas',
233597,K3315770,n,,the word 'cakṣus',
233598,K9035997,n,,the word 'cetas',
233599,K2752776,n,,the word 'rahas',
233600,K3142307,n,,the word 'puru',
233601,K2281053,n,,the word 'martya',
233602,K3765310,n,,the word 'dvitīya',
233603,K9751443,n,,the word 'tṛtīya',
233604,K5549945,n,,the word 'śamba',
233605,K2884921,n,,the word 'bīja',
233606,K4524867,n,,the word 'guṇa',
233607,K8850909,n,,the word 'niṣkula',
233608,K1141688,n,,the word 'sukha',
233609,K1014937,n,,the word 'duḥkha',
233610,K5248604,n,,the word 'satya',
233612,K5683780,n,,the word 'sāman',
233613,K4189975,n,,the word 'akṣi',
233615,K6278163,n,,the word 'varcas',
233616,K4434712,n,,the word 'vasīyas',
233617,K4409399,n,,the word 'śreyas',
233618,K1863990,n,,the word 'sapatra',
233619,K5287870,n,,the word 'niṣpattra',
233620,K6573137,n,,the Sūtra Aṣṭādhyāyī 2.2.25,
233621,K6740296,n,,the word 'acatura',
233622,K7339080,n,,the word 'vicatura',
233623,K1834341,n,,the word 'sucatura',
233624,K6528508,n,,the word 'strīpuṃsa',
233625,K3173289,n,,the word 'dhenvanaḍuha',
233626,K4089740,n,,the word 'ṛksāman',
233627,K4431380,n,,the word 'vāṅmanasa',
233628,K3618121,n,,the word 'dāragava',
233629,K1204444,n,,the word 'ūrvaṣṭhīva',
233630,K9395312,n,,the word 'padaṣṭhīva',
233631,K5553734,n,,the word 'naktaṃdiva',
233632,K3334122,n,,the word 'rātriṃdiva',
233633,K7663240,n,,the word 'ahardiva',
233634,K2546053,n,,the word 'sarajasa',
233635,K2525269,n,,the word 'niḥśreyasa',
233636,K9633545,n,,the word 'puruṣāyuṣa',
233637,K6390420,n,,the word 'dvyāyuṣa',
233638,K7984340,n,,the word 'tryāyuṣa',
233639,K9874448,n,,the word 'ṛgyajuṣa',
233640,K1869680,n,,the word 'jātokṣa',
233641,K3327486,n,,the word 'mahokṣa',
233642,K3379980,n,,the word 'vṛddhokṣa',
233643,K2213835,n,,the word 'upaśuna',
233644,K7817139,n,,the word 'goṣṭhaśva',
233645,K6055416,n,,the word 'anugavam',
233646,K5693439,n,,the word 'dvistāvā',
233647,K8635960,n,,the word 'tristāvā',
233648,K4873628,n,,the word 'deśa',
233651,K6739661,n,,the word 'anas',
233652,K3964945,n,,the word 'saras',
233653,K1818286,n,,the word 'kauṭa',
233654,K6439050,n,,the word 'takṣan',
233655,K6484225,n,,the word 'mṛga',
233656,K4443816,n,,the word 'sakthi',
233657,K9477860,n,,the word 'añjali',
233658,K4357457,n,,the word 'paurṇamāsī',
233659,K8314323,n,,the word 'giri',
233660,K5722060,n,,name of a grammarian,
233661,K7123128,n,,name of a son of Śambara,
233662,K3457057,n,,name of a follower of Gaṇeśa,
233666,K9244094,n,,the word 'pramāṇī',
233667,K5762889,n,,the word 'nasā',
233668,K6605050,n,,the word 'suprāta',
233669,K8909186,n,,the word 'suśva',
233670,K1870955,n,,the word 'sudiva',
233671,K6853621,n,,the word 'śāri',
233672,K1303672,n,,the word 'kukṣa',
233673,K8539295,n,,the word 'caturaśra',
233674,K3427351,n,,the word 'hali',
233676,K9725360,n,,the word 'prajā',
233677,K1721475,n,,the word 'bahuprajas',
233680,K9830769,n,,the word 'dakṣiṇerman',
233682,K9831474,n,,the word 'dvidaṇḍin',
233683,K8953482,n,,the word 'jñu',
233684,K5337805,n,,suffix -an,1974
233685,K1078827,n,,a substitute element,1974
233686,K1509591,n,,the word 'gandha',
233687,K3991435,n,,the word 'pūti',
233688,K3193788,n,,the word 'surabhi',
233689,K6635548,n,,the word 'kumbhapadī',
233690,K8993016,n,,a substitute morpheme,1974
233691,K9770811,n,,the word 'śyāva',
233692,K6111615,n,,the word 'aroka',
233693,K3677859,n,,the word 'śuddha',
233695,K6742783,n,,the word 'kakuda',
233696,K1631474,n,,the word 'trikakud',
233697,K8992677,n,,the word 'kākuda',
233698,K8403629,n,,the word 'suhṛd',
233699,K2096823,n,,the word 'durhṛd',
233700,K4141757,n,,the word 'tantrī',
233701,K1778894,n,,the word 'niṣpravāṇi',
233702,K2314760,n,,the word 'pūrṇa',
233703,K4756860,n,,the word 'jambhan',
233704,K7969707,n,,the word 'gādha',
233705,K3583431,n,,the word 'cira',
233706,K9593092,n,,the word 'nivāta',
233707,K5090487,n,,the word 'śārada',
233708,K3328678,n,,the word 'kaṣāya',
233709,K5129809,n,,the word 'pratirūpa',
233710,K1850720,n,,the word 'vāṇija',
233711,K2768044,n,,the word 'mātrā',
233712,K5547530,n,,the word 'cit',
233713,K2957327,n,,the word 'didhiṣū',
233714,K4376778,n,,the word 'bhuvana',
233715,K6389999,n,,the word 'savidha',
233716,K5054281,n,,the word 'sanīḍa',
233717,K4465766,n,,the word 'samaryāda',
233718,K7579710,n,,the word 'saveśasa',
233719,K3648760,n,,the word 'vispaṣṭa',
233720,K7583731,n,,the word 'avama',
233721,K4691050,n,,the word 'pāpavat',
233722,K9771533,n,,the word 'kapāla',
233723,K7772538,n,,the word 'bhagāla',
233724,K6134249,n,,the word 'śarāva',
233725,K7425654,n,,the word 'āśaṅkā',
233726,K6579547,n,,the word 'ābādha',
233727,K1827185,n,,the word 'nedīyas',
233728,K1576791,n,,the word 'saveśa',
233729,K8497927,n,,the word 'sadeśa',
233730,K8550976,n,,the word 'diṣṭi',
233731,K1759977,n,,the word 'siddha',
233732,K9501850,n,,the word 'pakva',
233733,K5605741,n,,the word 'kārta',
233734,K2193602,n,,the word 'kaujapa',
233735,K3116990,n,,the word 'iṣvāsa',
233736,K7160316,n,,the word 'jābāla',
233737,K8076781,n,,the word 'bhārata',
233738,K9460745,n,,the word 'hailihila',
233739,K8971230,n,,the word 'raurava',
233740,K6251029,n,,the word 'pravṛddha',
233741,K3386574,n,,the word 'vāmī',
233742,K8831597,n,,the word 'sāda',
233743,K8038472,n,,the word 'taitila',
233745,K3525911,n,,the word 'dāsī',
233746,K8885702,n,,the word 'kṣullaka',
233747,K5566678,n,,the word 'vaiśvadeva',
233748,K5904482,n,,the word 'kurugārhapata',
233749,K1313510,n,,the word 'riktaguru',
233750,K1347184,n,,the word 'asūtajaratī',
233751,K6159429,n,,the word 'aślīladṛḍharūpā',
233753,K7649240,n,,the word 'taittilakadrū',
233755,K8506756,n,,the word 'yuktārohin',
233756,K7639890,n,,the word 'tuṣa',
233757,K1977355,n,,the word 'bhrāṣṭra',
233759,K7981461,n,,the word 'ghoṣa',
233760,K8901074,n,,the word 'chātrin',
233761,K2924521,n,,the word 'karkin',
233762,K1530836,n,,the word 'mālā',
233763,K9673448,n,,the word 'nava',
233764,K4296677,n,,the word 'arma',
233765,K8559640,n,,the word 'bhūta',
233766,K4765810,n,,the word 'saṃjīva',
233767,K4066462,n,,the word 'kajjala',
233768,K4676814,n,,the word 'nikāya',
233769,K9729854,n,,the word 'kumārī',
233771,K1830654,n,,the word 'gauḍa',
233772,K9545190,n,,the word 'hāstina',
233773,K5043903,n,,the word 'phalaka',
233774,K6546356,n,,the word 'mārdeya',
233775,K1145295,n,,the word 'kusūla',
233776,K9958680,n,,the word 'kūpa',
233777,K9979353,n,,the word 'janapada',
233778,K2703665,n,,the word 'ākhyāna',
233779,K4643319,n,,the word 'cānarāṭa',
233780,K8741496,n,,the word 'iṣu',
233781,K4485799,n,,the word 'kaṇṭha',
233782,K6331030,n,,the word 'jara',
233783,K4522613,n,,the word 'mara',
233784,K8597862,n,,the word 'mitra',
233785,K8283287,n,,the word 'mṛta',
233786,K8573685,n,,the word 'kratu',
233787,K7745580,n,,the word 'vīra',
233788,K3165040,n,,the word 'vīrya',
233789,K8181694,n,,the word 'mantha',
233791,K2318480,n,,the word 'cihaṇa',
233792,K8669977,n,,the word 'kheṭa',
233793,K5143196,n,,the word 'kaṭuka',
233794,K4593450,n,,the word 'cīra',
233795,K4038149,n,,the word 'palala',
233796,K5840436,n,,the word 'sūpa',
233797,K4376593,n,,the word 'śāka',
233798,K2223220,n,,the word 'sūda',
233799,K6350909,n,,the word 'karṣa',
233800,K9508640,n,,the word 'rājya',
233801,K1372113,n,,the word 'vargya',
233803,K1974057,n,,the word 'saṃyukta',
233804,K9509190,n,,the word 'śiti',
233805,K2116526,n,,the word 'bhasad',
233806,K2051846,n,,the word 'vanaspati',
233807,K3206007,n,,the word 'manthin',
233808,K1051134,n,,kṛt tha,1974
233811,K1771000,n,,the word 'vyākhyāna',
233812,K7214818,n,,the word 'śayana',
233813,K7450080,n,,the word 'āsana',
233814,K9966934,n,,the word 'yājaka',
233815,K8501280,n,,the word 'cāru',
233816,K7644654,n,,the word 'tīkṣṇa',
233817,K7461300,n,,the word 'śuci',
233818,K8311357,n,,the word 'antara',
233820,K2466641,n,,the word 'datta',
233821,K4403738,n,,the word 'śruta',
233822,K2889063,n,,the word 'vana',
233823,K3192970,n,,the word 'maṇḍala',
233824,K2604376,n,,the word 'nirudaka',
233825,K7006637,n,,the word 'sphiga',
233826,K9115263,n,,the word 'añjas',
233827,K4120507,n,,the word 'kanīyas',
233828,K5672100,n,,the word 'aṃśu',
233829,K5848111,n,,the word 'utpuccha',
233830,K9630021,n,,the word 'saktha',
233831,K4510689,n,,termination kra,1974
233832,K1244830,n,,the word 'dat',
233833,K9424040,n,,name of Sāmans,
233834,K8973660,n,,the word 'stoka',
233835,K8483610,n,,the word 'ājñāyin',
233837,K1897808,n,,the word 'mastaka',
233838,K4543387,n,,the word 'kāma',
233839,K7368829,n,,the word 'ja',
233840,K5012660,n,,the word 'kṣara',
233841,K4477931,n,,the word 'vara',
233842,K7988740,n,,affix tana,1974
233843,K5443846,n,,the word 'śaya',
233844,K9567890,n,,the word 'vāsa',
233845,K6945143,n,,the word 'vāsin',
233846,K1561657,n,,the word 'divasa',
233847,K3621978,n,,the word 'dyāvā',
233848,K6435158,n,,an affix,1974
233849,K7764484,n,,the word 'uṣāsā',
233850,K7716358,n,,the word 'mātarapitara',
233851,K8068078,n,,the word 'pitarāmātarā',
233852,K7027134,n,,the word 'mānin',
233853,K3548967,n,,the word 'jātīya',
233854,K4202285,n,,the word 'deśīya',
233856,K2673816,n,,the word 'hṛd',
233857,K1326968,n,,the word 'lekha',
233858,K1121368,n,,the word 'lāsa',
233859,K2762558,n,,the word 'roga',
233860,K1645064,n,,the word 'kāṣin',
233861,K2787631,n,,the word 'hati',
233862,K3397059,n,,the word 'peṣa',
233863,K2584550,n,,the word 'vāhana',
233864,K5401527,n,,the word 'dhi',
233865,K1294889,n,,the word 'saktu',
233866,K1011077,n,,the word 'bindu',
233867,K7182830,n,,the word 'vajra',
233868,K3672549,n,,the word 'hāra',
233869,K7068840,n,,the word 'gāha',
233870,K6225520,n,,the word 'iṣṭakā',
233871,K4685792,n,,the word 'iṣīkā',
233872,K6997706,n,,the word 'bhārin',
233873,K4042462,n,,the word 'cita',
233874,K1907680,n,,infix -mum-,1974
233875,K4271551,n,,the word 'vācaṃyama',
233876,K6304488,n,,the word 'puraṃdara',
233877,K6549013,n,,the word 'agada',
233878,K6983198,n,,the word 'kalpa',
233879,K1208493,n,,the word 'celaṭ',
233880,K9719994,n,,the word 'bruva',
233881,K2496427,n,,the word 'gotra',
233883,K8419474,n,,the word 'hata',
233884,K1753918,n,,the word 'traya',
233885,K3253600,n,,the word 'āji',
233886,K5726147,n,,the word 'āti',
233887,K8624812,n,,the word 'ga',
233888,K9659195,n,,the word 'upahata',
233889,K5392819,n,,the word 'uda',
233890,K1355189,n,,the word 'śyena',
233891,K9377886,n,,the word 'pāta',
233892,K4922062,n,,the word 'naga',
233893,K2900989,n,,the word 'prabhṛti',
233894,K7295801,n,,the word 'udarka',
233895,K3797693,n,,the word 'nābhi',
233896,K1086610,n,,the word 'vacana',
233897,K8173770,n,,the word 'brahmacārin',
233898,K7993300,n,,the word 'dṛś',
233899,K9772499,n,,the word 'dṛśa',
233900,K3313427,n,,the word 'viṣvañc',
233901,K4272603,n,,the word 'adri',
233902,K3038152,n,,a Sanskrit term that can substitute another one,
233904,K5879327,n,,substitution adri-,
233908,K7304630,n,,the word 'māda',
233909,K4146595,n,,augment duk,1974
233910,K3700206,n,,the word 'āśis',
233911,K9156989,n,,the word 'āśā',
233912,K6909375,n,,the word 'āsthā',
233913,K9978731,n,,the word 'kāraka',
233914,K2305124,n,,the word 'āsthita',
233918,K1517144,n,,the word 'nabhrāj',
233919,K1370220,n,,the word 'napāt',
233920,K2023237,n,,the word 'navedas',
233921,K7095365,n,,the word 'nāsatya',
233922,K3319814,n,,the word 'namuci',
233923,K7517991,n,,the word 'nakula',
233924,K6766480,n,,the word 'napuṃsaka',
233925,K7468822,n,,the word 'nakra',
233926,K5267892,n,,the word 'nāka',
233927,K1053335,n,,augment aduk,1974
233929,K7698305,n,,the word 'vada',
233931,K8104122,n,,the word 'kavam',
233932,K7525121,n,,the word 'sāya',
233934,K3078989,n,,the word 'sāḍhyai',
233935,K5233465,n,,the word 'sāḍhvā',
233936,K3191524,n,,the word 'sāḍhā',
233937,K7004941,n,,the word 'pañcan',
233938,K2236058,n,,the word 'maṇi',
233939,K9475495,n,,the word 'chidra',
233940,K1516592,n,,the word 'sruva',
233941,K1423777,n,,the word 'svastika',
233942,K6625435,n,,the verb 'nah',1974
233943,K6740227,n,,the word 'koṭara',
233944,K2300055,n,,the word 'kiṃśulaka',
233946,K7966330,n,,the word 'ajira',
233947,K7894988,n,,the word 'citi',
233948,K7569810,n,,the word 'nara',
233949,K3996825,n,,the word 'viśvadevya',
233950,K2911151,n,,the word 'tu',
233951,K5086816,n,,the word 'gha',
233952,K1752184,n,,the word 'makṣu',
233953,K1149970,n,,the word 'ku',
233954,K4612959,n,,the verb 'uruṣya',
233956,K6341688,n,,the word 'rāṭ',
233957,K6302140,n,,the word 'pṛṣodara',
233958,K4594300,n,,a substitute affix,1974
233959,K1809828,n,,a substitute affix,1974
233960,K3946205,n,,a substitute affix,1974
233961,K8476787,n,,a substitute affix,1974
233963,K1072968,n,,an affix,
233964,K7827263,n,,augment ruṭ,1974
233965,K3444348,n,,case ending ais,1974
233966,K9934267,n,,ending smāt of pronouns,1974
233967,K2693094,n,,ending smin of pronouns,1974
233968,K9456106,n,,substitute ī for nominative plural as,1974
233969,K1147731,n,,dual endings au of the nominative and accusative,1974
233970,K3022297,n,,termination -au of aṣṭau,1974
233972,K4128463,n,,pronominal forms ending on -tara,1974
233974,K1346730,n,,substitution for instr. sg.,1974
233977,K4340107,n,,ending smai of pronouns,1974
233978,K1310705,n,,genitive plural affix sām,1974
233979,K1452601,n,,affix -ākam,1974
233981,K6671140,n,,the verbal ending dhvāt,1974
233982,K2723737,n,,the word 'yajadhvainam',
233983,K3682007,n,,the verbal ending -tāt,
233984,K8609299,n,,the verbal ending -taP,1974
233985,K3978823,n,,the verbal ending -tanaP,1974
233986,K7713253,n,,the verbal ending -thana,1974
233987,K2834366,n,,the verbal ending -mas,1974
233988,K8312394,n,,the verbal ending -ya in the absolutive,1974
233989,K1469607,n,,the word 'iṣṭvīnam',
233990,K9847086,n,,the word 'snātvī',
233991,K4948170,n,,final increment -asuK for nom. pl.,1974
233992,K4842933,n,,root muc,1974
233993,K5184252,n,,root masj,1974
233994,K5524854,n,,the word 'śrī',
233995,K5954276,n,,the word 'grāmaṇi',
234000,K3894109,n,,inflectional substitute element -ā,1974
234001,K3133577,n,,inflectional substitute element -śe,1974
234002,K6945196,n,,name of a people,
234003,K3437368,n,,root radh,1974
234004,K1796252,n,,the word 'asthi',
234005,K9269425,n,,the word 'anaḍuh',
234006,K2476642,n,,the word 'svavas',
234007,K8801096,n,,the word 'mathi',
234008,K6931595,n,,the word 'ṛbhukṣ',
234009,K5526030,n,,the termination ntha,1974
234010,K7469371,n,,termination asu,1974
234011,K4135074,n,,the word 'uśanas',
234012,K5305750,n,,the word 'purudaṃsas',
234013,K4698049,n,,the word 'anehas',
234014,K8667183,n,,the word 'kroṣṭu',
234015,K3656670,n,,infix -ām-,1974
234016,K7681260,n,,a particular Vedic metre consisting of four Pādas of ten syllables each,
234017,K8223846,n,,a metre of four lines,
234018,K4349917,n,,the root kṣaṇ-,1974
234019,K9637092,n,,kṛt -sara,1974
234020,K8349827,n,,uṇādi si,1974
234021,K2273557,n,,uṇādi -su,1974
234022,K3727018,n,,the word 'kṣubdha',
234023,K8258598,n,,the word 'svānta',
234024,K5918567,n,,the word 'dhvānta',
234025,K4935186,n,,the word 'lagna',
234026,K1553442,n,,the word 'mliṣṭa',
234027,K9302546,n,,the word 'viribdha',
234028,K6920138,n,,the word 'parivṛḍha',
234029,K5230638,n,,the root 'ghuṣ',1974
234030,K8472390,n,,root ard,1974
234031,K1116220,n,,the word 'vṛtta',
234032,K1311848,n,,root ruṣ,1974
234033,K1931465,n,,the verb hṛṣ-,1974
234035,K6627451,n,,the word 'phāṇṭa',
234036,K8788932,n,,the word 'apacita',
234037,K6009257,n,,the word 'dānta',
234038,K4447902,n,,the word 'śānta',
234039,K4443950,n,,the word 'dasta',
234040,K1056911,n,,the word 'spaṣṭa',
234041,K2801013,n,,the word 'channa',
234042,K7006491,n,,the word 'jñapta',
234045,K4968895,n,,the word 'aparihvṛta',
234046,K1247226,n,,the word 'hvarita',
234047,K9863729,n,,root lubh,1974
234048,K3465129,n,,root riṣ,1974
234049,K8803231,n,,affix iv,1974
234050,K2909672,n,,root ṛdh-,1974
234051,K2646957,n,,root dambh-,1974
234052,K3249219,n,,root svṛ-,1974
234053,K6410379,n,,root jñap,1974
234054,K3060920,n,,root kṣudh-,1974
234055,K9573741,n,,root kṛt-,1974
234056,K5092425,n,,root chṛd-,1974
234057,K4378120,n,,affix of the periphrastic future,1974
234058,K9638524,n,,the word 'grasita',
234059,K2615647,n,,the word 'skabhita',
234060,K6311204,n,,the word 'stabhita',
234061,K5421404,n,,the word 'uttabhita',
234062,K6104242,n,,the word 'catta',
234063,K9133491,n,,the word 'vikasta',
234064,K4159682,n,,the word 'viśastṛ',
234065,K8486182,n,,the word 'śaṃstṛ',
234066,K9536432,n,,the word 'śāstṛ',
234067,K2224558,n,,the word 'tarutṛ',
234068,K4568054,n,,the word 'tarūtṛ',
234069,K8265638,n,,the word 'varutṛ',
234070,K3098668,n,,the word 'varūtṛ',
234071,K4589570,n,,the word 'varutrī',
234072,K5615134,n,,the verb 'ujjvaliti',
234073,K8332006,n,,the verb 'kṣariti',
234074,K6015529,n,,the verb 'kṣamiti',
234075,K6417858,n,,the verb 'vamiti',
234076,K7509938,n,,the verb 'amiti',
234077,K4187969,n,,a particular grass; used for pressing Soma,
234078,K3833402,n,,name of a city,
234079,K3195869,n,,name of a grammarian,
234080,K6930454,n,,root añj,1974
234081,K7761199,n,,termination sa,1974
234082,K8963410,n,,root aś,1974
234083,K6404734,n,,personal ending dhve,1974
234084,K7665654,n,,"a finite verbal form in Sanskrit, as found in Pāṇini",
234086,K3474136,n,,the word 'babhūtha',1974
234087,K7079591,n,,the word 'ātatantha',1974
234088,K5599485,n,,the word 'jagṛbhma',1974
234089,K5565102,n,,the word 'vavartha',1974
234090,K5111489,n,,augment muk,1974
234091,K5051915,n,,the word 'rai',
234103,K9798608,n,,the word 'jarā',
234104,K7338587,n,,the word 'jaras',
234106,K7665150,n,,the word 'kva',
234107,K4493170,n,,the sound 'au',
234108,K1272850,n,,terminations from third singular to the locative plural,
234109,K5253863,n,,the word 'devikā',
234110,K4013806,n,,the word 'śiṃśapā',
234111,K2948621,n,,the word 'dityavāh',
234112,K6143799,n,,the word 'dīrghasattra',
234113,K6609216,n,,the word 'kekaya',
234114,K4240540,n,,the word 'mitrayu',
234115,K9465129,n,,the word 'pralaya',
234117,K2027700,n,,the word 'dvāra',
234118,K3092490,n,,the word 'nyagrodha',
234119,K2274682,n,,the word 'svāgata',
234120,K8042987,n,,the word 'anuśatika',
234121,K8194393,n,,the word 'parimukha',
234122,K6817263,n,,the word 'paripantha',
234124,K9754740,n,,the word 'jaṅgala',
234125,K7145084,n,,the word 'valaja',
234126,K7531209,n,,the word 'pravāhaṇa',
234127,K4398557,n,,the word 'īśvara',
234128,K7312577,n,,the word 'kṣetrajña',
234129,K3700000,n,,the word 'yathātatha',
234130,K1765284,n,,the word 'yathāpura',
234131,K1342976,n,,augment yuk,1974
234132,K2478544,n,,root vadh-,1974
234133,K8606769,n,,root vlī-,1974
234134,K3788715,n,,root rī-,1974
234135,K9615184,n,,root  knūy-,1974
234136,K5710000,n,,root kṣmāy-,1974
234137,K3508017,n,,augment puk,1974
234138,K8415459,n,,augment juk,1974
234139,K6943948,n,,root lā-,1974
234140,K2515743,n,,root sā-,
234141,K4989081,n,,root vep,1974
234143,K3337280,n,,the word 'yā',
234144,K9983432,n,,the word 'eṣā',
234145,K1919527,n,,the word 'ajā',
234146,K1675106,n,,the word 'jñā',
234147,K5892320,n,,sound ṭh,1974
234148,K9043650,n,,the word 'nyaṅku',
234149,K3991837,n,,root hi-,1974
234150,K2254818,n,,the word 'bhuja',
234151,K9772600,n,,the word 'nyubja',
234152,K2235235,n,,the word 'prayāja',
234153,K6992299,n,,the word 'anuyāja',
234154,K8395835,n,,the word 'oka',
234155,K6025777,n,,root uc-,1974
234156,K4312306,n,,the word 'bhojya',
234157,K9580112,n,,the verbal root ṛc-,1974
234158,K1171109,n,,the word 'prayojya',
234159,K5348927,n,,the word 'niyojya',
234160,K2591562,n,,affix ksa,1974
234161,K6116997,n,,root dih,1974
234162,K1436510,n,,root śam,1974
234163,K9178874,n,,root ṣṭhīv,1974
234164,K9445333,n,,present substitute for roots jñā and jan,1974
234165,K1362891,n,,root mnā-,1974
234166,K7965340,n,,substitution for root pā-,1974
234167,K1440799,n,,substitution for root ghrā-,1974
234168,K7770047,n,,substitution for root dhmā-,1974
234169,K1189789,n,,substitution for root sthā-,1974
234170,K9756314,n,,substitution for root mnā-,1974
234171,K1778900,n,,substitution for root yam-,1974
234172,K4289128,n,,substitution for root dṛś-,1974
234173,K2270445,n,,substitution for root ṛ-,1974
234174,K1869678,n,,substitution for root sṛ-,1974
234175,K9826808,n,,substitution for root śad-,1974
234176,K7713173,n,,substitution for root sad-,1974
234177,K2944197,n,,root tṛh-,1974
234178,K3031578,n,,affix iM,1974
234179,K5823546,n,,augment īṭ,1974
234180,K6027521,n,,name of a son of Andhaka,
234181,K6953586,n,,name of a son of Uśinara,
234182,K2289130,n,,name of a son of Vidūratha,
234183,K5807554,n,,root am-,1974
234184,K7310838,n,,root tu-,1974
234185,K2497082,n,,anubandha ñ,
234186,K1110932,n,,termination ā of instr. sg.,1974
234187,K8624925,n,,the word 'ambā',
234188,K8416692,n,,augment yāṭ,1974
234189,K9367970,n,,augment syāṭ,1974
234190,K9647383,n,,the word 'nī',
234192,K4113036,n,,root mīl,1974
234194,K2269286,n,,infix increment puM,1974
234195,K5629529,n,,substitute ay- in śī-,1974
234196,K5250721,n,,root ūh-,1974
234197,K2822390,n,,the verbal affix -rī- in mātrīyate etc.,1974
234198,K8156800,n,,the verbal affix -ri-,1974
234199,K9800929,n,,the word 'aśanāya',
234200,K8160698,n,,the word 'udanya',
234201,K1569665,n,,the word 'dhanāya',
234202,K7311780,n,,the word 'durasyu',
234203,K9933260,n,,the word 'draviṇasyu',
234204,K1431445,n,,the word 'agha',
234205,K1294325,n,,the word 'sumna',
234206,K1102380,n,,name of one of the recensions of the Black Yajurveda,
234207,K1035526,n,,the word 'kavi',
234208,K3797733,n,,root do,1974
234209,K1030935,n,,root substitution hi- for root dhā,1974
234211,K3558263,n,,the verb 'vṛṣaṇy',
234212,K6397401,n,,the verb 'riṣaṇy',
234213,K2593270,n,,the word 'sudhita',
234214,K1198873,n,,the word 'vasudhita',
234215,K5405339,n,,the word 'nemadhita',
234216,K3795068,n,,the verb 'dhiṣva',
234217,K2122295,n,,the verb 'dhiṣīya',
234218,K1302569,n,,root ku,1974
234219,K9959549,n,,root nij,1974
234220,K4004660,n,,root cyu,1974
234221,K2769955,n,,augment nīk,1974
234222,K6513004,n,,root bhraṃś,1974
234223,K4519935,n,,root paś,1974
234224,K4620536,n,,augment rīK,1974
234225,K1482170,n,,augment ruk,1974
234226,K8184850,n,,augment rik,1974
234227,K5833134,n,,root veṣṭ,1974
234228,K7377280,n,,root ceṣṭ,1974
234229,K8268793,n,,root gaṇ-,1974
234230,K3828946,n,,root prath,1974
234231,K5261187,n,,root mrad-,1974
234232,K5382387,n,,root spaś,1974
234233,K1815014,n,,the irregular form dādharti,1974
234234,K2744719,n,,the irregular form dardharti,1974
234235,K1739233,n,,the irregular form dardharṣi,1974
234236,K9210820,n,,the irregular form bobhūtu,1974
234237,K8154910,n,,the irregular form tetikte,1974
234238,K4391000,n,,the irregular form alarṣi,1974
234242,K7764478,n,,the irregular form kanikrat,1974
234243,K6682305,n,,the irregular form bharibhrat,1974
234244,K8608490,n,,the irregular form davidhvat,1974
234246,K9635946,n,,the irregular form taritrat,1974
234251,K9138029,n,,a class of falcons,2188
234252,K6439091,n,,a disease of the eyes; albugo / leucoma,
234254,K8476600,n,,the word 'yathāyatham',
234255,K5425068,n,,substitution vām for yuṣmad-,1974
234256,K3098799,n,,substitution nau for asmad-,1974
234257,K9396290,n,,substitution for yuṣmad,1974
234258,K8030047,n,,substitution for asmad,1974
234259,K7623042,n,,substitution for yuṣmad,1974
234260,K7026176,n,,substitution for asmad,1974
234261,K8046624,n,,substitution for yuṣmad,1974
234262,K7984918,n,,substitution for asmad,1974
234264,K3639743,n,,the word 'eva',
234265,K8375111,n,,the word 'hanta',
234266,K5496831,n,,the word 'kuvit',
234267,K2163639,n,,the word 'ned',
234268,K9519637,n,,the word 'ced',
234269,K5540190,n,,the word 'kaccid',
234270,K7279894,n,,the word 'naha',
234272,K6111511,n,,the word 'hi',
234273,K1211779,n,,the verb 'paśya',
234274,K1609057,n,,the verb 'paśyata',
234275,K9107640,n,,the word 'aho',
234276,K6799264,n,,the word 'kim',
234278,K2354821,n,,the word 'āho',
234280,K1171578,n,,interjection 'ām',
234281,K8562650,n,,the word 'cana',
234282,K9332828,n,,the word 'vai',
234283,K7574959,n,,the word 'vāva',
234284,K5469430,n,,the word 'kāṣṭha',
234285,K9258510,n,,name of a daughter of Dharmavardhana,
234286,K7985513,n,,the word 'udanvant',
234287,K4542277,n,,the word 'rājanvat',
234288,K5751137,n,,root kṛp-,1974
234289,K8673834,n,,root ay-,1974
234290,K2114162,n,,the word 'āsandīvant',
234291,K7305215,n,,the word 'aṣṭhīvant',
234292,K4314560,n,,the word 'cakrīvant',
234293,K2174989,n,,the word 'kakṣīvant',
234294,K7141912,n,,the word 'rumaṇvant',
234295,K6532326,n,,the word 'carmaṇvatī',
234296,K1221050,n,,the word 'aṅka',
234297,K9748711,n,,root snuh-,1974
234298,K7133569,n,,root snih-,1974
234299,K8907920,n,,anubandha Ṣ,1974
234301,K5898364,n,,the word 'nirvāṇa',
234302,K5952233,n,,root kṣai,1974
234303,K8969720,n,,the word 'phulla',
234304,K2625540,n,,the word 'kṣība',
234305,K7787110,n,,the word 'kṛśa',
234306,K1877465,n,,the word 'ullāgha',
234307,K6906237,n,,root nud,1974
234308,K5710307,n,,root und,1974
234309,K3437884,n,,the word 'bhitta',
234310,K8709744,n,,the word 'ṛṇa',
234311,K8348426,n,,root mūrch,1974
234312,K6971550,n,,root dhyā,1974
234313,K8995496,n,,the word 'vitta',
234314,K1952005,n,,the word 'bhuva',
234315,K7335639,n,,the word 'sajuṣ',
234316,K2031620,n,,the word 'nasatta',
234317,K8982333,n,,the word 'niṣatta',
234318,K5487250,n,,the word 'anutta',
234319,K7117106,n,,the word 'pratūrta',
234320,K6962252,n,,the word 'sūrta',
234321,K4781570,n,,the word 'gūrta',
234322,K3105973,n,,the word 'amnas',
234323,K3091022,n,,the word 'avas',
234324,K7237202,n,,the word 'hai',
234325,K5702812,n,,the word 'he',
234326,K9154207,n,,the verbal form brūhi,1974
234327,K2128747,n,,the imperative preṣya,1974
234328,K6494898,n,,the imperative āvaha,1974
234329,K4623694,n,,the imperative 'śrauṣaṭ',1974
234330,K2914276,n,,the imperative 'vauṣaṭ',1974
234331,K1722999,n,,the priest who kindles the fire,
234332,K8750486,n,,the word 'svid',
234333,K9841978,n,,a kind of galley or vessel of war,
234334,K8966072,n,,a village in the mountains,
234335,K4816920,n,,the word 'prasuta',
234336,K7577226,n,,the word 'aśvavaḍava',
234337,K1940538,n,,the word 'pūrvāpara',
234338,K2250040,n,,the word 'adharottara',
234339,K8413300,n,,the word 'niṣṭarkya',
234340,K5494204,n,,the word 'devahūya',
234341,K3082225,n,,the word 'praṇīya',
234342,K7296759,n,,the word 'unnīya',
234343,K1103433,n,,the word 'ucchiṣya',
234344,K1674800,n,,the word 'marya',
234345,K7268933,n,,the word 'starya',
234346,K4565925,n,,the word 'dhvarya',
234347,K7933330,n,,the word 'khanya',
234348,K5166347,n,,the word 'khānya',
234349,K7900226,n,,the word 'devayajyā',
234350,K1418370,n,,the word 'āpṛcchya',
234351,K4592240,n,,the word 'pratiṣīvya',
234352,K6063356,n,,the word 'brahmavādya',
234353,K7484751,n,,the word 'bhāvya',
234354,K2656774,n,,the word 'stāvya',
234355,K4325983,n,,the word 'upacāyyapṛḍa',
234356,K7136896,n,,the word 'ikṣu',
234357,K2556349,n,,the word 'āmra',
234358,K8984442,n,,the word 'kārṣya',
234359,K6510679,n,,the word 'khadira',
234360,K9283780,n,,the word 'pīyūkṣā',
234361,K4743546,n,,the word 'pāna',
234362,K2941033,n,,the word 'ayana',
234363,K8146066,n,,name of a minister of Candragupta; author of the Arthaśāstra,
234364,K7297612,n,,name of a merchant,
234365,K4540997,n,,name of one of the first five followers of Śākyamuni,
234366,K6730109,n,,name of a son of Dhṛtarāṣṭra,
234367,K3272781,n,,name of a son of Dhṛtarāṣṭra,
234368,K8184094,n,,name of the bow of Karṇa,
234369,K4568237,n,,a kind of arrow,
234370,K5471883,n,,name of a son of Karṇa,
234371,K2920634,n,,a kind of arrow,
234372,K8257615,n,,name of one of Arjunas arrows,
234373,K6165068,n,,a kind of arrow,
234374,K1435100,n,,name of a Tīrtha,
234375,K8355392,n,,name of a place near the Sarasvati,
234376,K7213872,n,,name of a Tīrtha,
234377,K9152641,n,,name of a Varṣa,
234378,K2462988,n,,name of a Varsha,
234379,K6840968,n,,name of a Varṣa,
234380,K5807371,n,,name of a river,
234381,K7985989,n,,name of a people,
234382,K8147641,n,,name of a mountain in the west of lake Mānasa,
234383,K6162178,n,,name of a mountain,
234384,K4578873,n,,name of a son of Dyutimat,
234385,K7763529,n,,element id of idam,1974
234386,K8732270,n,,the pronominal form sā,1974
234387,K3082819,n,,name of a Tīrtha,
234388,K6443242,n,,an affix,1974
234389,K6986518,n,,name of a Tīrtha,
234390,K1269612,n,,name of the place where the Sarasvatī rises,
234391,K6258144,n,,name of a companion of Skanda,
234392,K9088732,n,,name of a servant of Skanda,
234393,K7594791,n,,name of a Liṅgam in Gokarṇa,
234394,K8397980,n,,name of a son of Hṛdīka,
234395,K6359214,n,,name of a Ṛṣi,
234396,K9957026,n,,name of a mythical mountain forming one of the boundaries of the earth,
234398,K2533451,n,,<> misgovernment,
234399,K7520739,n,,the word 'avayāj',
234400,K6372869,n,,the word 'śvetavāh',
234401,K9040472,n,,the word 'puroḍās',
234402,K8779739,n,,(Sanskrit) containing a short a-,
234403,K9582022,n,,name of a Daitya slain by Balarāma or Kṛṣṇa,
234404,K1014363,n,,name of an attendant of Skanda,
234405,K2915820,n,,name of a wive of Kṛṣṇa,
234406,K3745393,n,,name of the wife of Dhṛtarāṣṭra,
234407,K4632432,n,,root chur-,1974
234408,K3912793,n,,substitutional ending ma,1974
234409,K6184842,n,,root tāy,
234410,K2133616,n,,the word 'puragā',
234411,K4808835,n,,the word 'miśrakā',
234412,K6897562,n,,the word 'sidhrakā',
234413,K4361795,n,,the word 'śārikā',
234414,K6686300,n,,termination of imperative sg.,1974
234415,K6250092,n,,the verb 'yā',1974
234416,K3214213,n,,the verb drā-,
234417,K2279685,n,,the verb 'psā',1974
234418,K4023527,n,,the verb an-,
234420,K3844064,n,,the verb niṃs-,1974
234421,K3341162,n,,the verb nikṣ-,1974
234422,K9115884,n,,root bhā-,1974
234423,K1850570,n,,root kṣubh-,1974
234424,K9015146,n,,the word 'ādin',
234425,K6478455,n,,name of a daughter or sister of Oghavat; wife of Sudarśana,
234426,K8783254,n,,name of a son of Viśvāmitra,
234427,K2432085,n,,name of a Brāhman,
234428,K2300643,n,,name of a brother of Kubera and king of the Yakṣas,
234429,K2041000,n,,name of an Apsaras,
234430,K2905921,n,,name of an Apsaras,
234431,K6593714,n,,name of a Tīrtha,
234432,K8689914,n,,name of a sacred hermitage,
234433,K3817026,n,,name of a Tirtha,
234434,K2562307,n,,name of a Tīrtha,
234435,K9148437,n,,name of a Tīrtha,
234436,K2680675,n,,name of a mythical weapon,
234437,K7082454,n,,name of a son of Gṛtsamada,
234438,K9523499,n,,name of a son of Pracetas,
234439,K2749432,n,,name of a son of Soma,
234440,K6341311,n,,name of a son of Sutejas or Suketas,
234441,K4302657,n,,name of a son of the Gṛtsamada,
234442,K2730866,n,,name of a son of Dhundhu,
234443,K6336005,n,,name of a son of Varcas,
234444,K2705942,n,,name of a son of Santa,
234445,K4306034,n,,name of a son of Vitastya,
234446,K4384706,n,,name of a people,
234447,K4594341,n,,name of a pupil of Devaśarman,
234448,K3360357,n,,name of a son of Vasudeva,
234449,K1665845,n,,name of the wife of Devaśarman,
234450,K9443511,n,,name of a mountain in the north of lake Mahābhadra,
234451,K2681415,n,,"name of a Nāga, killed by Indra",
234452,K7542133,n,,name of a king,
234453,K1739750,n,,name of a king of Vaṅga,
234454,K4276974,n,,name of a king,
234455,K3069733,n,,name of a region,
234456,K3109950,n,,name of an Apsaras,
234457,K9573803,n,,name of an Apsaras,
234458,K2973235,n,,name of a Vedic hymn or formula to be repeated during expiation for killing a cow,
234459,K4800183,n,,name of an Aditya,
234460,K3531593,n,,name of a daughter of Duryodhana and Narmadā,
234461,K2199760,n,,name of a Jambū tree,
234462,K8792253,n,,name of one of the two wives of Yājñavalkya,
234463,K5438920,n,,name of various Sāmans,
234464,K3249712,n,,name of a Vedic teacher,
234465,K4053563,n,,name of a teacher,
234466,K2518992,n,,name of various Sāmans,
234467,K4371858,n,,a particular mixed caste,
234468,K7498013,n,,name of a despised mixed tribe,
234469,K4128221,n,,father of Mārkaṇḍeya,
234470,K7114043,n,,name of a daughter of Svadhā,
234471,K8721937,n,,name of a varṣa,
234472,K7200850,n,,name of a varṣa,
234473,K9770427,n,,name of a people,
234474,K4248476,n,,name of a female dog belonging to Indra and the gods,
234475,K2065517,n,,name of a daughter of the Gandharva king Śailūsha and wife of Vibhīṣaṇa,
234476,K1562039,n,,name of a wife of Kaśyapa,
234477,K7654028,n,,name of the Varṣa ruled by Sukumāra,
234478,K6442029,n,,name of a king; fighting on the side of Duryodhana,
234479,K5249611,n,,name of one of the sons of Dhṛtarāṣṭra,
234480,K8131507,n,,name of a son of Hariścandra,
234481,K6021604,n,,name of a son of the Matsya king Viraṭa and brother of Uttara,
234482,K1673726,n,,name of a king of the Ambaṣṭhas,
234483,K6636866,n,,name of a country and of its inhabitants,
234484,K9518109,n,,name of a king of the Śibis; also called Govāsana,
234485,K2251504,n,,name of a son of Dhṛtarāṣṭra,
234486,K8909263,n,,"son of Pratīpa and father of Bhīṣma, Citrāṅgada, and Vicitravīrya",
234487,K3371397,n,,name of a son of Kṛṣṇa and Jāmbavatī / Rukmiṇī; also one vyūhāvatāra of Viṣṇu,
234488,K3534444,n,,the inhabitants of Sindh,
234489,K9647110,n,,name of a son of Karṇa,
234490,K5148589,n,,name of a son of Somadatta; brother of Bhūri and Bhūriśravas,
234491,K7567293,n,,name of a son of Parīkṣit,
234492,K2395428,n,,name of a son of Śunahotra,
234493,K1249942,n,,"name of a son of Somadatta, king of the Bālhikas; brother of Bhūriśravas and Śala",
234494,K3494713,n,,"name of a prince; according to Harivaṃśa, son of Bāhlīka and father of Bhūri, Bhūriśravas, and Śala",
234495,K4699759,n,,name of a river,
234496,K8642245,n,,name of a Kaliṅga warrior,
234497,K6783007,n,,name of a son of Sṛñjaya,
234498,K6622529,n,,"name of a king, father of Suvarṇaṣṭhīvin",
234499,K2416100,n,,name of a brother of Janamejaya,
234500,K6813808,n,,name of a brother of Janamejaya,
234501,K6462194,n,,name of a son of Dhṛtarāṣṭra,
234502,K8124497,n,,name of a warrior on the side of the Kurus; son of Kaliṅga,
234503,K4220937,n,,a group of sons of Dakṣa,
234504,K5395986,n,,name of the father of Kṛpa and Kṛpī; son of Gautama,
234505,K3315824,n,,name of the father of Śaradvat,
234506,K4462460,n,,name of a people,
234507,K6636268,n,,name of a daughter of Dakṣa,
234508,K1516599,n,,name of a daughter of Dakṣa; wife of Dharma or Manu and mother of Bhānu and Āditya,
234509,K8849530,n,,name of a son of Dakṣas daughter Lambā,
234510,K2164916,n,,name of a king of the Kaliṅgas,
234511,K5381802,n,,name of a servant of Skanda,
234512,K8385612,n,,"the race of Śini, a family or tribe",
234513,K1036808,n,,name of a son of Duryodhana; killed by Abhimanyu,
234514,K7287847,n,,name of a son of Duḥśāsana,
234515,K7037703,n,,"name of a son of Vyāsa, husband of Kuntī and Mādrī, father of the Pāṇḍavas",
234516,K7950268,n,,name of a son of Dhṛtarāṣṭra,
234517,K4498834,n,,name of a river,
234518,K5048645,n,,name of a son of Dhṛtarāṣṭra,
234519,K2653794,n,,name of a Tīrtha,
234520,K1704476,n,,name of the 15th Arhat of the present Avasarpiṇī,
234521,K3436686,n,,name of a Jina,
234522,K4993471,n,,name of the twenty-second of the twenty four Jaina Tirthaṃkaras of the present Avasarpiṇi,
234523,K2271359,n,,name of the attendant of one Arhat,
234524,K6853360,n,,name of a lake,
234525,K7058709,n,,name of a mountain,
234526,K3690474,n,,name of a Śakti of Śiva,
234527,K8196449,n,,name of an Indian river,
234528,K4422540,n,,name of several Sāmans,
234529,K5341361,n,,name of a Sāman,
234530,K1120643,n,,name of a Sāman,
234531,K1531682,n,,a sort of goose with black legs and bill,
234532,K2933417,n,,name of various Sāmans,
234533,K9606318,n,,tail of a peacock,
234534,K4991881,n,,name of a Daitya slain by Indra,
234535,K6410413,n,,name of a text,
234536,K3114648,n,,name of a text,
234537,K1676019,n,,name of different Sāman verses,
234538,K8449947,n,,name of a Śakti,
234539,K9288526,n,,name of a Śakti of Śiva,
234540,K8128133,n,,name of a Vidyeśvara,
234542,K3395024,n,,name of a Vidyeśvara,
234543,K2951624,n,,name of a Vidyeśvara,
234544,K8270760,n,,name of a Vidyeśvara,
234545,K4241518,n,,name of a son of Vasiṣṭha,
234546,K6664709,n,,name of a Vidyeśvara,
234547,K5069174,n,,name of a Vidyeśvara,
234548,K2810152,n,,name of a Vidyeśvara,
234549,K7037078,n,,name of a Vidyeśvara,
234550,K7094008,n,,name of a Rudra,
234551,K1867954,n,,name of a Rudra,
234552,K1089604,n,,name of a Śakti,1668
234553,K2782460,n,,name of a Śakti,
234555,K7575400,n,,name of a man,
234556,K1478997,n,,name of different authors,
234557,K6611619,n,,name of a man,
234558,K8963389,n,,name of a place,
234559,K6035510,n,,name of the wife of Janamejaya,
234560,K6658107,n,,name of the mother of the poet Vyāsa,
234561,K3793780,n,,name of a Brāhman ascetic,
234562,K4055594,n,,name of a king of the lunar race; a descendant of Puru,
234563,K7467261,n,,name of the wife of Vasu,
234564,K1825179,n,,name of a daughter of the Apsaras Menakā by Viśvāmitra,
234565,K7856287,n,,name of a king; son of Śakuntalā and Duḥśyanta; to be distinguished from Bharata = brother of Rāma,
234566,K3120898,n,,name of the son of Bṛhaspati; sent to obtain the saṃjīvanī from the Dānavas,
234567,K3532849,n,,name of a king; son of Purūravas and Urvaśī,
234568,K6876010,n,,name of a son of Ahaṃpāti / Śaṃpāti,
234569,K5559186,n,,name of one of the 7 clouds enveloping the earth at the deluge,
234570,K1679883,n,,name of a sovereign of the race of Ikṣvāku,
234571,K8587315,n,,name of the foster-mother of Karṇa,
234572,K1471288,n,,name of the only daughter of Dhṛtarāṣṭra,
234573,K9425362,n,,name of a mountain,
234574,K1185277,n,,name of a lake,
234575,K3317715,n,,name of one of the peaks of the Himālaya,
234576,K7671390,n,,name of an Apsaras,
234577,K1111159,n,,name of a king,
234578,K8347273,n,,name of the wife of Kalmāṣapāda or Mitrasaha,
234579,K5528536,n,,name of an Apsaras,
234580,K8862125,n,,name of the father of Drupada,
234581,K8638813,n,,name of a son of Hiraṇyadhanus and king of the Niṣādas,
234582,K6501056,n,,name of a town,
234583,K4891964,n,,name of a Brāhman changed into a hunter in consequence of a curse,
234584,K9596529,n,,name of a town; situated on the Ganges at a distance of 8 days journey from Hastināpura,
234585,K9276316,n,,name of a town of the Kīcakas,
234586,K9860788,n,,name of the reputed wife of the sage Agastya,
234587,K2051702,n,,name of a town situated where the Ganges enters the plains,
234588,K1257595,n,,name of a Brahmarṣi,
234589,K4386494,n,,name of a younger brother of Yāja,
234590,K6975565,n,,name of the king of the Gandharvas,
234591,K3531829,n,,name of a Tīrtha,
234592,K5458436,n,,name of a river,
234593,K8099940,n,,name of the river Akesines in the Pañjāb,
234594,K8777732,n,,name of a wishing cow (kāmadhenu); mother of Surabhi and property of the sage Vasiṣṭha,
234595,K4983073,n,,name of a son of Vasiṣṭha and Madayantī / Damayantī,
234596,K1489730,n,,name of a Tirtha,
234597,K7928035,n,,name of a mountain near Gayā,
234598,K1353216,n,,name of a tīrtha,
234599,K7816652,n,,name of a river,
234600,K9507935,n,,name of the father of Aṣṭāvakra,
234601,K3946926,n,,name of a man; killed Aṣṭāvakras father Kahoḍa,
234602,K4659340,n,,name of the hermitage of Nara and Nārāyaṇa at mount Gandhamādana,
234603,K8772924,n,,name of a son of Karṇa,
234604,K8177536,n,,name of a river,
234605,K3435059,n,,name of a king of Maṇipura,
234606,K1631044,n,,name of the club of Viṣṇu or Kṛṣṇa,
234607,K2382829,n,,name of a forest in Kurukṣetra,
234608,K3956487,n,,a class of falcons,2188
234609,K6280128,n,,name of a town situated in the Khāṇḍava forest,
234610,K4651924,n,,name of a pious Daitya; son of Hiraṇyakaśipu,
234611,K5945003,n,,name of a Nāga prince,
234612,K4352735,n,,name of a son of Arjuna,
234613,K7871900,n,,name of a people,
234614,K9620198,n,,name of a Dānava,
234615,K5751291,n,,name of a son of Vipracitti,
234616,K4785274,n,,name of a Nāga,
234617,K7718960,n,,name of each of the nakṣatras containing the word uttara,
234618,K3511273,n,,the twenty-first and twenty-second lunar mansions,
234619,K6472172,n,,name of a Rudra,
234620,K8776604,n,,name of one of the 11 Rudras,
234621,K3514570,n,,name of one of the eleven Rudras,
234622,K5884650,n,,name of one of the eleven Rudras,
234623,K6540480,n,,name of a Rudra,
234624,K4145170,n,,name of a Rudra,
234625,K8173492,n,,name of a daughter of Dakṣa; one of the wives of Kaśyapa and mother of the Yakṣas and Rākṣasas,
234626,K5651757,n,,name of a son of Kardama; said to have been made regent of the south,
234627,K8822699,n,,name of a daughter of Meru; wife of Nābhi and mother of Ṛṣabha,
234628,K1915053,n,,name of a son of Pṛthu,
234629,K7990159,n,,name of a son of Pṛthusheṇa and Ākūti,
234630,K3811714,n,,name of a son of Nara,
234631,K5494425,n,,name of a son of Rādhā,
234632,K8212140,n,,name of a lake,
234633,K5030831,n,,name of a river that runs from the Himālaya mountains and falls into the Gaṅga,
234634,K5034511,n,,one of the nine great divisions of the known world,
234635,K7680753,n,,name of a mountain,
234636,K6959612,n,,the banner of Indra,
234637,K8702041,n,,name of the father of Kaṇva,
234638,K1258813,n,,name of a son of Manu Svāyambhuva,
234639,K3710870,n,,name of one of the 7 sages under Manu Sāvarṇa,
234640,K5911558,n,,name of a lawyer and commentator on the Mānavadharmaśāstra,
234641,K6105870,n,,name of a son of Dhara and Manoharā,
234642,K9807859,n,,name of a son of Medhātithi,
234643,K5154116,n,,name of a teacher,
234644,K5975052,n,,name of a son of Medhātithi,
234645,K3508609,n,,name of a varṣaparvata,
234646,K2942170,n,,name of the Śūdras in Plakṣadvīpa,
234647,K3164059,n,,name of the Brāhmaṇas in Plakṣadvīpa,
234648,K5744880,n,,name of a son of Vapuṣmat,
234649,K7604251,n,,name of a river in Śālmaladvīpa,
234650,K6807669,n,,name of the Vaiśyas in Śālmaladvipa,
234651,K2936190,n,,name of the Śūdras in Śālmaladvīpa,
234652,K5172820,n,,name of a son of Manu Svāyambhuva,
234653,K5946269,n,,name of the Vaiśyas in Kuśadvīpa,
234654,K8856748,n,,name of a mountain in Krauñcadvīpa,
234655,K7893217,n,,name of a river,
234656,K5131200,n,,name of a son of king Havya,
234657,K5813125,n,,name of the Vaiśyas in Śakadvīpa,
234658,K7337469,n,,a particular hell,
234659,K5864947,n,,the second of the seven divisions of the regions under the earth,
234661,K4095180,n,,name of a king of Vidarbha; father of Damayantī,
234662,K6605163,n,,"name of one of the divisions of Naraka, destined for arrow-makers",
234663,K4797518,n,,name of a division of the lower regions,
234664,K4190244,n,,a particular hell,
234665,K2352337,n,,name of the city or residence of Yama; situated on Mount Meru,
234666,K8666081,n,,name of the city of Soma,
234667,K4786004,n,,name of a son of Kubera,
234668,K2682491,n,,name of a Rākṣasī,
234669,K8119053,n,,name of a Rākṣasī serving Rāvaṇa,
234670,K7146481,n,,name of a Rākṣasī serving Rāvaṇa,
234671,K7803552,n,,name of a class of deities under Manu Svārociṣa,
234672,K7870150,n,,name of the 3rd Manu,
234673,K9808491,n,,name of a son of Anila or the Wind,
234674,K8569486,n,,name of a son of Rudrāṁśāna,
234675,K5631179,n,,name of Indra in the 6th Manvantara,
234676,K7190586,n,,name of a son of Medhātithi,
234677,K6811201,n,,name of a woman,
234678,K3392299,n,,name of a mythical weapon,
234679,K6322882,n,,name of a Gandharvī,
234680,K8073122,n,,name of an ancient Ṛṣi,
234681,K3267447,n,,name of a teacher; a sage and promulgator of the Ṛgveda,
234682,K4743104,n,,name of a Vedic scholar,
234683,K6872259,n,,name of a Tīrtha,
234684,K7614852,n,,religious ceremony to be performed every day at a fixed hour,
234685,K5663439,n,,name of a teacher of the Sāmaveda,
234686,K5537874,n,,name of a Atharvaveda expert,
234687,K6723550,n,,name of an ancient teacher,
234688,K7957758,n,,name of the author of a Dharma text,
234689,K3418609,n,,name of a river,
234690,K9430338,n,,name of a river,
234691,K5838391,n,,name of a river in the Pañjāb,
234692,K1096287,n,,name of a river,
234693,K2535694,n,,name of a river,
234694,K5289544,n,,name of several rivers,
234695,K6189579,n,,a group of Vedic deities,
234696,K6276331,n,,name of one of the three Āptyas,
234697,K2873288,n,,name of an Āptya,
234698,K7857581,n,,name of an Āptya,
234699,K8161214,n,,name of a renowned Ṛṣi,
234700,K5013991,n,,name of a Daitya slain by Kṛṣṇa,
234701,K6373468,n,,a form of Viṣṇu,
234702,K7487323,n,,a form of Viṣṇu,
234703,K3059810,n,,"name of a famous Ṛṣi, mentioned together with Marīci, Aṅgiras etc.",
234704,K2507793,n,,name of a nakṣatra,
234705,K8438078,n,,name of a Tīrtha at the Narmadā,
234706,K9413105,n,,name of a Ṛṣi; one of the four or seven spiritual sons of Brahmā,
234707,K3891549,n,,name of one of the 4 or 7 mindborn sons of Brahmā,
234708,K1524106,n,,name of a son of Śiva in the form of Kaṅka,
234709,K9455607,n,,"name of a son of Brahmā; along with Sana, Sanatkumāra, etc.",
234710,K7008313,n,,"name of a son of Brahmā; along with Sana, Sanatkumāra, etc.",
234711,K8694592,n,,name of an Arhat / Jina,
234712,K4511149,n,,name of an Asura slain by Kṛṣṇa,
234713,K1274760,n,,name of the wife of the cowherd Nanda; Kṛṣṇas foster-mother who nursed him immediately after his birth,
234714,K1543233,n,,name of the wife of Mahāvīra,
234715,K9419988,n,,name of a son of Satyaketu,
234716,K1363914,n,,name of an enemy of Kāma,
234717,K8622453,n,,the word 'vāda',
234718,K5684419,n,,the vīṇā of Śiva,
234719,K8089711,n,,a village or tract on the Yamunā; residence of Nanda and of Kṛṣṇa during his youth,
234720,K6844382,n,,name of a Nāga inhabiting the Yamunā,
234721,K9726226,n,,a celebrated hill in Vṛndāvana near Mathurā; lifted up and supported by Kṛṣṇa upon one finger for 7 days to shelter the cowherds from a storm of rain sent by Indra to test Kṛṣṇas divinity,
234722,K1388695,n,,name of the author of Govardhanasaptaśatī,
234723,K8407854,n,,name of a wrestler in Kaṃsas service,
234724,K3451250,n,,name of an elephant,
234725,K6556194,n,,name of a son of Viśvakarman by a Śūdra woman or by Ghṛtācī,
234726,K3588956,n,,name of a son of Ugrasena; brother of Kaṃsa,
234727,K6410006,n,,name of a son of Vainateya,
234728,K8944352,n,,name of a Muni; master of archery,
234729,K3538011,n,,name of a son of Māndhātṛ; who assisted the gods in their wars with the demons and was rewarded by the boon of a long and unbroken sleep,
234730,K8167457,n,,name of a son of Yadu,
234731,K4197445,n,,name of the father of Candrabhāga,
234732,K1540296,n,,name of a son of a Balarāma and Revatī,
234733,K6243760,n,,name of a son of Manu Cākṣuṣa,
234734,K5004348,n,,name of the eldest son of Bhīṣmaka and adversary of Kṛṣṇa; killed by Balarāma after a game of dice,
234735,K3619915,n,,name of the capital of Vidarbha; ruled over by Bhīṣma,
234736,K1541614,n,,name of the wife of Pradyumna or of Śambara,
234737,K3832603,n,,name of the wife of a Vidyādhara,
234738,K2374624,n,,name of a princess,
234739,K3753437,n,,name of an authoress of certain magical incantations,
234740,K8752671,n,,name of a son of Kṛṣṇa,
234741,K9899178,n,,name of an adopted son of Asamañjas,
234742,K2859759,n,,name of a wife of Kṛṣṇa,
234743,K9766694,n,,name of a Daitya,
234744,K2067866,n,,daughter of Nagnajit; name of one of the wives of Kṛṣṇa,
234745,K9918589,n,,name of the city of the Asura Bāṇa,
234746,K2516544,n,,"name of a king of Benares, who challenges Kṛṣṇa",
234747,K6479377,n,,name of a king,
234748,K6676880,n,,name of a king of Kapilavastu; of the tribe of the Śākyas and father of Gautama Buddha,
234749,K7975401,n,,name of a son of Gautama Buddha,
234750,K5071010,n,,name of a son of Śuddhodana,
234751,K5787659,n,,name of a son of Manu Vaivasvata; supposed to have been born a female under the name of Iḍā; = the man they later called Ila,
234752,K2299056,n,,name of a son of Abhayada,
234753,K4691951,n,,name of a son of Manu Vaivasvata,
234754,K6773571,n,,name of a son of Uśīnara by Nṛgā,
234755,K8004847,n,,name of a son of Manu,
234756,K3062473,n,,name of the father of Sumati,
234757,K4619934,n,,name of a son of Manu Vaivasvata,
234758,K7856632,n,,name of a son of Manu Vaivasvata,
234759,K4401613,n,,name of a son of Manu Vaivasvata,
234760,K6275466,n,,name of a son of Vatsaprī,
234761,K7105984,n,,name of a son of one of the Manus,
234762,K3118422,n,,name of a daughter of Tṛṇabindu; wife of Viśravas and mother of Kuvera,
234763,K7742126,n,,name of a man; father of Vatsaprī or Vatsaprīti,
234764,K4825319,n,,name of a king; son of Bhalandana,
234765,K1627053,n,,name of a son of Ativibhūti,
234766,K3429223,n,,name of a son of Śaśāda [= Vikukṣi] and grandson of Ikṣvāku,
234767,K6283150,n,,name of a son of Kakutstha,
234768,K8922427,n,,name of a king; son of Śrāva and grandson of Yuvanāśva [or: son of Yuvanāśva],
234769,K8309070,n,,name of a daughter of Śaśabindu and wife of Māndhātṛ,
234770,K8989506,n,,name of a man protected by Indra,
234771,K3187842,n,,name of a demon; brother of Vṛtra,
234772,K3609408,n,,name of a son of Māndhātṛ,
234773,K9003273,n,,name of a prince; son of Purukutsa,
234774,K5887694,n,,name of a king of Ayodhyā,
234775,K6207820,n,,name of a son of Yuvanāśva,
234776,K5923262,n,,name of a king,
234777,K1167747,n,,name of a son of Cañcu,
234778,K2885318,n,,name of a grandson of Ṛtuparṇa,
234779,K1975360,n,,name of a son of Sarvakāma,
234780,K5266650,n,,name of a son of Cyavana,
234781,K7697873,n,,name of a son of Bṛhadratha,
234782,K2414732,n,,name of the father of Mitrasaha,
234783,K8202456,n,,name of a son of Raghu,
234784,K4416870,n,,name of one of the rivers of the Panjāb now called Rāvī,
234785,K1099422,n,,name of a son of Hrasvaroman,
234786,K2314122,n,,name of a king of Videha; son of Svarṇaroman,
234787,K9093454,n,,name of a son of Vijaya,
234788,K8394744,n,,name of a son of Ṛta,
234789,K9199013,n,,name of a prince; a descendant of Purūravas,
234790,K7098158,n,,name of a descendant of Purūravas,
234791,K3516190,n,,name of a son of Sahasrajit,
234792,K5149882,n,,name of a son of Viśvāmitra,
234793,K2981630,n,,name of a son of Viśvāmitra,
234794,K2247347,n,,name of a son of Viśvāmitra,
234795,K3445350,n,,name of a son of Viśvāmitra,
234796,K8600473,n,,name of a son of Viśvāmitra,
234797,K1225048,n,,name of a son of Dhanvantari,
234798,K2483995,n,,name of the horse of Kuvalayāśva,
234799,K2382023,n,,name of a son of Sumati,
234800,K4624330,n,,name of a son of Alarka,
234801,K6522692,n,,name of a son of Saṃnati or Saṃtati,
234802,K1952390,n,,name of a son of Suṣeṇa,
234803,K1150935,n,,name of a son of Subala,
234804,K3804090,n,,name of a son of Āyu,
234805,K4145270,n,,name of a son of Jayatsena,
234806,K3195411,n,,name of a son of Nahuṣa,
234807,K4928986,n,,name of a son of Nahuṣa,
234808,K5802152,n,,name of a son of Durdama,
234809,K8682363,n,,name of a son of Kārtavīrya,
234810,K7251430,n,,name of a son of Kunti,
234811,K3626689,n,,name of a son of Śaśabindu and grandson of Citraratha,
234812,K8929015,n,,name of Vidarbhas father; son of Parāvṛt,
234813,K1878950,n,,name of a son of Vidarbha and brother of Kaiśika; ancestor of the Krathas,
234814,K3566702,n,,name of a prince; son of Vidarbha and brother of Kratha,
234815,K6279760,n,,name of a son of Sakuni and father of Devarāta,
234816,K7897305,n,,name of a king who was the son of Suketu and descendant of Nimi,
234817,K7174348,n,,name of a king who was son of Karambhi,
234818,K4731880,n,,name of a son of Mādhava and Aṃśa,
234819,K3161112,n,,name of a son of Aṃśu,
234820,K9059528,n,,name of the wife of king Jyāmagha,
234821,K5183512,n,,name of a king who has trouble with Kṛṣṇa; also called Śatadhanu(s),
234822,K8223156,n,,name of a daughter of Śvaphalka,
234823,K4245434,n,,name of a son of Andhaka,
234824,K9713839,n,,name of a son of Andhaka,
234825,K9241979,n,,name of a son of Bhajamāna and father of Śūra,
234826,K2783751,n,,name of a son of Citraratha,
234827,K9076159,n,,name of a daughter of Śūṛa; sister of Vasudeva and wife of Vṛddhaśarman,
234828,K1105139,n,,name of a son of Vasudeva,
234829,K7071390,n,,name of a son of Vasudeva and Rohini or Pauravī,
234830,K2047151,n,,name of a son of Balarāma,
234831,K9642397,n,,name of a son of Setu; also called Ārabdha,
234832,K3211455,n,,name of a son of Pracetas,
234833,K8870336,n,,name of a son of Uśīnara,
234834,K7350860,n,,name of the son of Vijaya and father of Dhṛtavrata,
234835,K8461756,n,,name of a son of Vītahavya and father of Bahulāśva,
234836,K4567357,n,,name of a son of Babhru,
234837,K2352930,n,,name of a son of Vṛṣṇi,
234838,K8368586,n,,name of a son of Jyotiṣmat,
234839,K6782782,n,,name of a son of Śibi,
234840,K8544640,n,,name of a son of Satyakarman,
234841,K1139860,n,,name of a son of Anu,
234842,K7646426,n,,name of a son of Sabhānala,
234843,K8440911,n,,name of a son of Prācītvata or Pravīra,
234844,K6076351,n,,name of a son or a more distant descendant of Puru,
234845,K2659541,n,,name of a son of Durukṣaya,
234846,K3019200,n,,name of a son of Kṛṣṇa,
234847,K9790776,n,,name of a son of Viśvajit,
234848,K7066874,n,,name of a son of Kṛśāśva,
234849,K3337685,n,,name of a son of Viśada,
234850,K6050610,n,,"name of a son of Nīla, king of Kāmpilya",
234851,K1025452,n,,name of a son of Apratiratha,
234852,K6581627,n,,name of a king of the lunar race; son of Saṃkṛti,
234853,K1786378,n,,name of a son of Senajit,
234854,K9531050,n,,name of a son of Senajit,
234855,K8414393,n,,name of a son of Rucirāśva,
234856,K2591630,n,,name of a son of Saṃnati and pupil of Hiraṇyanābha,
234857,K6146418,n,,name of a son of Kṛtaratha,
234858,K3074712,n,,name of a son of Jaya and father of Haryavana,
234859,K9473100,n,,name of a son of Cyavana and father of Uparicara,
234860,K5708280,n,,name of a teacher of Yoga,
234861,K4485020,n,,"name of a son of Ṛkṣa, son of Ajamīḍha",
234862,K3497687,n,,name of a son of Sudhanus,
234863,K9511559,n,,name of a son of Vṛṣabha,
234864,K7716812,n,,name of a son of Sudhanvan,
234865,K5735670,n,,name of a son of Sumati,
234866,K4545130,n,,name of a son of Sahadeva,
234867,K7098061,n,,name of a son of Somapa,
234868,K3513370,n,,name of a son of Akrodhana and Karambhā,
234869,K8482014,n,,name of a son of Pratīpa; brother of Śaṃtanu,
234870,K4211000,n,,name of a son of Ārādhita,
234871,K2661335,n,,name of a son of Ayutāyu(s),
234872,K1900173,n,,name of a future son of Nicaknu,
234873,K9833514,n,,name of a son of Pariplava,
234874,K6550646,n,,name of a future son of Śatānīka,
234875,K1790502,n,,name of a son of Śrutañjaya,
234876,K1642058,n,,name of a son of Senajit,
234877,K5659313,n,,name of a son of Śatyāyu,
234878,K1912423,n,,name of a son of Bhṛgu,
234879,K2767673,n,,name of a son of Śatadyumna,
234880,K1590218,n,,name of a son of Vipra,
234881,K6408700,n,,name of a son of Arthapati,
234882,K9118039,n,,name of a son of Nandivardhana,
234883,K1792406,n,,name of a son of Ajātaśatru,
234884,K6262800,n,,name of a son of Suyaśas,
234885,K3617580,n,,name of a dynasty which succeeded the Mauryas,
234886,K6088161,n,,name of a son of Bhūmitra,
234887,K3065621,n,,name of a son of Śātakarṇi; an Andhra king,
234888,K8799243,n,,name of a son of Ariṣṭakarman,
234889,K1692119,n,,name of a son of king Purañjaya,
234890,K9888579,n,,name of the 24th Nakṣatra,
234891,K7510292,n,,name of a man favoured by Indra,
234892,K1881760,n,,a kind of drum,
234893,K3044576,n,,name of a teacher,
234894,K9874225,n,,name of a descendant of Aṅgiras,
234895,K4058446,n,,name of a preceptor,
234896,K9381300,n,,name of a town in Pratiṣṭhāna,
234897,K5084141,n,,name of a Yakṣa,
234899,K7597891,n,,name of a man,
234900,K2951761,n,,name of a man,
234901,K4844041,n,,name of a Yakṣa,
234902,K3625798,n,,name of various women; esp. of the mother of Vararuci [aka Puṣpadanta],
234903,K1120953,n,,name of a Brāhman,
234904,K3627430,n,,name of a Brahmin,
234905,K1292569,n,,name of a grammarian,
234906,K8671526,n,,name of a Brāhman,
234907,K4968579,n,,name of a younger brother of the grammarian Varṣa,
234908,K8611184,n,,name of a Brāhman,
234909,K5788632,n,,name of a king,
234910,K7501719,n,,name of a king,
234911,K5738582,n,,name of an Aṅgiras,
234912,K6582441,n,,name of a daughter of Upavarṣa and wife of Vararuci,
234913,K3374759,n,,name of a minister of king Nanda; in revenge for ill-treatment he conspired with the Brāhman,
234914,K3255921,n,,name of a renowned Ṛṣi,
234915,K9138950,n,,name of a son of Tugra; protected by the Aśvins,
234916,K3522525,n,,a kind of Preta or demon,
234917,K7359089,n,,name of a mountain in the north of lake Mahābhadra,
234918,K1058590,n,,name of a servant of Skanda,
234919,K2191993,n,,name of one of Skandas attendants,
234920,K8315234,n,,name of a servant of Skanda,
234921,K5886048,n,,name of the first Lambaka or book of the Kathāsaritsāgara,
234922,K1542530,n,,a kind of amorous play or sport,
234923,K8572569,n,,name of a king,
234924,K3960376,n,,name of a king,
234925,K5274241,n,,name of a king,
234926,K2438363,n,,name of a Tīrtha at the Narmadā,
234927,K9039567,n,,name of a mother in the retinue of Skanda,
234928,K6656034,n,,"name of Liṅgapurāṇa, 2.40",
234929,K1995054,n,,name of a Marut,
234930,K6488262,n,,name of a Marut,
234931,K2191553,n,,name of a Marut,
234932,K5012063,n,,name of a demon conquered by Indra,
234933,K3645842,n,,name of a son of Kuruśravaṇa and grandson of Mitrātithi,
234934,K8994290,n,,name of a man; grandfather of Upamaśravas,
234935,K3385227,n,,name of a minister,
234936,K8755834,n,,name of a son of king (Yoga-)Nanda,
234937,K8834860,n,,name of an attendant in Skandas retinue,
234938,K3713080,n,,name of a servant of Skanda,
234939,K9276745,n,,name of one of the attendants of Skanda,
234940,K6832552,n,,name of the famous author of the Bṛhatkathā,
234941,K2100695,n,,name of a king,
234942,K2352706,n,,name of a country,
234943,K1076770,n,,name of a man,
234944,K8852579,n,,name of the step-brother of Maitreya,
234945,K4355329,n,,name of a son of Senajit,
234946,K8461794,n,,name of a son of Akṣamālā,
234947,K7942494,n,,name of a son of Urukṣepa,
234948,K9072553,n,,name of a son of Somaśarman,
234949,K8032700,n,,name of a nephew of the serpent-king Vāsuki,
234950,K4819529,n,,name of an Āṅgirasa,
234951,K4360301,n,,name of a Ṛṣi of Atris family,
234954,K2282034,n,,name of a merchant,
234955,K3908222,n,,name of a prostitute,
234956,K6516120,n,,name of a minister of king Sātavāhana,
234957,K1991252,n,,name of a grove,
234958,K6178348,n,,name of country at the Narmadā,
234959,K5981216,n,,name of the wife of king Dīpakarṇi,
234960,K3583530,n,,name of a king,
234961,K7518580,n,,name of a wife of Kṛṣṇa,
234962,K2381332,n,,name of the mother of Bāhu and Vālin,
234963,K8897055,n,,name of a sister of Subāhu,
234964,K3252972,n,,name of the wife of Sārvabhauma,
234965,K1803810,n,,name of the wife of Bharata,
234966,K2041498,n,,name of an Apsaras,
234967,K6631017,n,,name of a Yakṣa,
234968,K7148920,n,,first part of a Sāman,
234969,K2105715,n,,name of a son of Bhuva,
234970,K7974872,n,,name of a son of Bhūman,
234971,K5718930,n,,name of a son of Udgītha,
234972,K9542466,n,,the second part of the Sāmaveda,
234973,K6073572,n,,name of a class of deities associated with Aṅgiras and Ṛkvan,
234974,K5366258,n,,something offered during sacrifice; dt. Opfergabe,
234975,K7372776,n,,division of the Aṅgirases,
234976,K2378209,n,,name of a race of Pitṛs,
234977,K2573861,n,,"Ausruf beim Opfer, durch welchen die G￶tter zum Annehmen der Opferspeisen aufgefordert werden",
234978,K1941300,n,,the linguistic system of Pāṇini,
234979,K9708932,n,,the linguistic system described in Kātantra,
234980,K6664078,n,,superlative of 'sweet',
234981,K4717429,n,,the 3 Soma vessels,
234982,K5883179,n,,name of a man,
234983,K6111160,n,,one bound by an oath to kill others,
234984,K2467398,n,,name of an Agrahāra on the Ganges,
234985,K1590105,n,,name of a guest of Govindadatta,
234986,K5009678,n,,name of a preceptor,
234987,K9016649,n,,name of a temple,
234988,K1833430,n,,a kind of plant,
234989,K4403233,n,,name of a Śāṃkhya teacher,
234990,K4495463,n,,name of a Gandharva,
234991,K1580956,n,,name of an attendant of Śiva,
234992,K2035547,n,,one of the servants of Śiva,
234993,K2973109,n,,name of the wife of king Kṛtavarman,
234994,K9506224,n,,name of a Nāga,
234995,K5759671,n,,name of various Sāmans,
234996,K9982408,n,,name of various Sāmans composed in the metrical form,
234997,K1362513,n,,dt. 'Voropfer',
234998,K2952638,n,,name of a sword,
234999,K1324547,n,,name of a woman favored by the Aśvins,
235000,K8024303,n,,name of a daughter of king Bimbaki,
235001,K5695287,n,,name of a son of Manu Bhautya,
235002,K4623518,n,,name of the father of Kaṇva,
235003,K3652174,n,,name of a daughter of the Śabara king Śrīcaṇḍa,
235004,K1704457,n,,"dt. 'damit', 'so dass'",
235005,K9079073,n,,name of a village near Mathurā,
235006,K3218100,n,,name of a Brahman,
235007,K4444162,n,,a king of Mathurā; and ruler of the Yadus,
235008,K6193928,n,,name of a king of Ujjayinī,
235009,K6234680,n,,name of a son of Caṇḍamahāsena,
235010,K7743950,n,,name of a son of Caṇḍamahāsena,
235011,K3380262,n,,name of a daughter of Caṇḍamahāsena,
235012,K3355170,n,,name of the mother of the Maruts,
235013,K7972572,n,,name of a woman,
235014,K4366552,n,,a holy place in Gokarṇa,
235015,K7818407,n,,name of a Brāhman,
235016,K7729545,n,,name of an alchemical treatise,
235017,K9630816,n,,name of a Muni,
235018,K6814122,n,,"im RV Name entweder eines uralten Opferers oder eines Halbgottes, der meist in enger Beziehung mit der Auffindung des  Somatrunkes steht und als Sohn des Atharvan bezeichnet wird",
235019,K6508808,n,,name of a man favoured by Indra,
235020,K5268781,n,,name of a man,
235021,K4954970,n,,die Mutter des Vṛtra,
235022,K3780094,n,,name of a son of a king,
235023,K1654416,n,,name of the daughter of a merchant,
235024,K2058810,n,,name of a mythical family described as sharing in Indras battles,
235025,K4182553,n,,name of a man favoured by Indra,
235026,K1093144,n,,name of a sorceress,
235027,K3733020,n,,"a female pupil, = śiṣya",
235028,K5488740,n,,name of a Brāhman; father of Bālavinaṣṭaka,
235029,K5367890,n,,name of a physician,
235030,K6876025,n,,name of a king of Magadha and founder of a dynasty,
235031,K6682922,n,,name of a city,
235032,K3264680,n,,name of a king of Śrāvastī,
235033,K2688831,n,,name of a cowherd,
235034,K4487109,n,,dt. 'geboren',
235035,K4023666,n,,name of a man; supported by Indra,
235036,K2251222,n,,dt. 'gem￤￟',
235037,K3808150,n,,name of Yamas twin-sister,
235038,K1544813,n,,name of a merchant,
235039,K2266580,n,,name of the daughter of Dharmagupta,
235040,K6564500,n,,name of a demon slain by Indra,
235041,K8314950,n,,a region lying in the West,
235042,K3563503,n,,name of a Brāhman,
235043,K4216320,n,,name of a river,
235044,K8697978,n,,name of a Vidyādharī; friend of Bhadrā,
235045,K2705800,n,,dt. mitt￤glich,
235046,K5204202,n,,name of a cook,
235047,K7517756,n,,name of a Brahman,
235048,K5341454,n,,name of a Vidyādhara prince,
235049,K4457110,n,,name of a Vidyādhara,
235050,K3591773,n,,dt. rennend,
235051,K6141169,n,,name of a daughter of the Vidyādhara Citrāṅgada,
235052,K2202551,n,,name of a daughter of the Asurapati Sumāya,
235053,K2666950,n,,name of a Ṛṣi preserved by the Aśvins,
235054,K8335437,n,,name of a cheat; friend of Mādhava,
235055,K4705888,n,,"name of a cheat, friend of Śiva",
235057,K5195648,n,,dt. 'seit',
235058,K4866140,n,,"name of a man; son of Lomaharṣaṇa, narrator of the Mbh",
235059,K9028699,n,,name assumed by Bhīmasena when cook to king Virāṭa,
235060,K8671135,n,,name of Arjuna during his stay at the court of Virāṭa,
235061,K6752245,n,,name of a prince of the Gandhāras; father of one of Kṛṣṇas wives,
235062,K4425080,n,,name of a Rākṣasī,
235064,K2155193,n,,a class of Ṛṣis,
235065,K3811488,n,,name of a class of Saṃnyāsins,
235066,K1058466,n,,name of a Ṛṣi; learnt the religion dharma from Nārāyaṇa,
235067,K1692100,n,,name of the queen of Kanakapurī; a Vidyādharī,
235068,K6826048,n,,name of a Vidyādharī,
235069,K6706148,n,,name of a Surāṅganā [or Vidyādharī],
235071,K2347121,n,,name of one of the 3 Ṛbhus,
235072,K9217802,n,,name of one of the Ṛbhus,
235074,K1374588,n,,name of a city situated north of the Ganges and founded by king Śrāvasta,
235075,K9774025,n,,name of a man,
235076,K1289092,n,,name of a king in Tālipya,
235077,K1946310,n,,name of a king,
235078,K4744004,n,,name of a man,
235079,K4207634,n,,[explain: Buddhist vow],
235080,K6923606,n,,name of a Buddhist ascetic,
235081,K9316300,n,,name of the mother of Pūrṇa,
235082,K4016723,n,,name of a family; has trouble with Divodāsa; = Haihayas?,
235085,K8173230,n,,name of a Buddhist,
235087,K8465719,n,,a Buddhist monk,
235088,K8834616,n,,good karman,
235091,K4419339,n,,belonging to or coming from Aditi,
235092,K8373876,n,,name of a hell,
235094,K3819540,n,,dt. reisend,
235095,K4392467,n,,"Eigenname einer unter dem Bilde eines Rosses dargestellten Gottheit, welche, wie es scheint, auf die umlaufende Sonne zu beziehen ist und des Morgens besungen wird",
235098,K7917522,n,,name of a deity who presides over the foundation of a house or homestead,
235099,K3332490,n,,belonging to the Maruts,
235100,K3350890,n,,dt. 'dein',
235102,K8170840,n,,dt. Fr￼haufsteher,
235105,K4974048,n,,dt. tausendfach,
235109,K8976370,n,,consisting in or connected with the Gāyatrī,
235110,K6227480,n,,not belonging to the Āryas,
235111,K1112194,n,,name of a people; ruled by Sudās,
235112,K1583879,n,,dt. 21fach,
235113,K5367951,n,,dt. schutzsuchend,
235114,K2708600,n,,possessing gold;  cmp. gomat etc.,
235115,K6719696,n,,composed in or consisting of or conforming to the Jagatī metre,
235116,K4280895,n,,dt. nicht einmal,
235117,K4435076,n,,name of one of the officiating priests,
235118,K5649004,n,,name of a future Buddha,
235119,K6642668,n,,a kind of excrescence on the head of Buddha,
235120,K5161047,n,,name of a celebrated heretical teacher of Buddhas time one  of a group of six,
235121,K1372180,n,,name of a former Buddha,
235122,K2567083,n,,name of  a former Buddha,
235123,K2526189,n,,name of a former Buddha,
235124,K4340506,n,,name of a former Buddha,
235125,K1423568,n,,name of a merchant,
235126,K7964885,n,,name of a king,
235127,K5321947,n,,name of a Gandharva,
235128,K3833145,n,,name of a Tathāgata,
235129,K4916072,n,,name of a singing servant of Viṣṇu,
235131,K2853289,n,,dt. empf￤ngnisbereit; for ṛtumant,
235132,K2483670,n,,name of a man; Ś. Koṭikarṇa,
235133,K3489485,n,,name of a divine being; presiding over human life which lasts as long as there is voice in the body,
235134,K5698861,n,,relating to the Atharvaveda,
235136,K4520151,n,,name of a Yakṣa,
235137,K2058282,n,,name of a Yakṣa,
235138,K1876837,n,,name of a Ṛṣi,
235139,K2263340,n,,secondary or final sacrifice,
235140,K1226031,n,,the end of a bow,
235142,K1697400,n,,name of an Apsaras,
235143,K6063900,n,,name of an Apsaras,
235144,K9898360,n,,name of a Cakravattin,
235145,K3058240,n,,name of a son of king Vasu,
235146,K6621704,n,,name of the wife of king Vāsava,
235147,K9207766,n,,name of a man,
235148,K8752460,n,,name of a people,
235149,K7122990,n,,name of an enemy of Indra,
235150,K9065794,n,,alt.: Bahlika; name of a people,
235151,K5412376,n,,dt. fliessen lassen,
235153,K5820744,n,,a female Asura,
235154,K4572103,n,,a class of demons,
235156,K4894689,n,,name of an Apsaras,
235157,K7868494,n,,name of an Apsaras,
235158,K8129291,n,,name of an Apsaras,
235160,K9378944,n,,name of an accouching deity,
235161,K3323496,n,,name of an accouching deity,
235162,K8854994,n,,name of an accouching deity,
235164,K5358133,n,,relating to the Aśvins,
235165,K8579270,n,,dt. webend,
235166,K2347301,n,,name of a Vedic god,
235167,K8186092,n,,to make fly,
235168,K3410742,n,,name of a mythical mountain,
235169,K3335965,n,,a barren cow; dt. 'Geltkuh',
235170,K6677043,n,,"finding, dt. 'findend'",
235171,K7658381,n,,a class of female demons,
235172,K7484161,n,,dt. 'festigend',
235173,K2229707,n,,name of a man,
235174,K4255308,n,,digging,
235175,K4178658,n,,till sunrise,
235176,K5160985,n,,till dawn,
235177,K1743611,n,,name of a son of Viśvaka,
235178,K1311815,n,,name of a Vedic deity,
235179,K4112396,n,,a peculiar class of evil spirits,
235180,K2249824,n,,a class of female demons; corresponding to the male Kaṇvas,
235181,K9909777,n,,a class of demons,
235182,K2348233,n,,name of a snake,
235183,K4845951,n,,"a kind of disease, perhaps a swelling",
235184,K5375009,n,,name of a body part,
235185,K6473336,n,,name of an ancient king with the patr. Kauravya,
235186,K8788150,n,,relating or belonging to Sarasvat or to Sarasvatī,
235187,K4048377,n,,name of Bhujyus father,
235188,K8284959,n,,name of a Dānava,
235189,K9940887,n,,name of a class of evil spirits,
235190,K4898556,n,,name of a Ṛṣi,
235191,K8501728,n,,name of a demon conquered by Indra,
235192,K1329353,n,,name of a woman,
235193,K4264308,n,,dt. 'unser',
235194,K4620145,n,,dt. 'wie viele',
235195,K6242240,n,,deity presiding over chariots or over pleasure and enjoyment,
235196,K5753933,n,,name of a Vedic Ṛṣi,
235197,K9913965,n,,name of a man,
235198,K9711976,n,,name of an Ātreya,
235199,K3458714,n,,name of a Ṛṣi belonging to the family of Aṅgiras with the patr. Rāhūgaṇa,
235200,K1694162,n,,name of a mountain,
235202,K6871139,n,,name of a town,
235203,K2543875,n,,name of a Rākṣasa,
235204,K7983076,n,,name of an ascetic,
235205,K4700110,n,,name of an ascetic,
235206,K1538627,n,,name of a lake,
235207,K8456838,n,,dt. Zollbeamter,
235208,K9109946,n,,name of a place of pilgrimage near Kānyakubja on the Gaṅgā,
235209,K9050353,n,,name of a mountain,
235210,K9863712,n,,"name of a former Buddha, by whom Buddhahood was predicted for  Śākyamuni",
235211,K7810801,n,,in a bad hair day,
235212,K7811249,n,,a coin or weight of different values,
235213,K7382271,n,,Dt. 'missraten'; of a child,
235214,K6270770,n,,name of a pupil of Buddha,
235215,K6452471,n,,name of Gautama Buddha as a Bodhisattva,
235216,K1129630,n,,the Buddhist dhamma,
235217,K3221227,n,,name of a warrior on the side of the Kurus,
235218,K9345371,n,,name of a city on the Ganges,
235219,K8884400,n,,name of a man,
235220,K1837290,n,,a kind of musical instrument,
235221,K1619170,n,,name of a man aka Praku,
235222,K1594185,n,,name of a man,
235223,K2991205,n,,a position of the hands in dancing,
235224,K6128110,n,,name of a particular position of the hands in dancing,
235225,K9209389,n,,name of an aṅgahāra,
235226,K9880887,n,,name of an aṅgahāra,
235227,K8584429,n,,a class of celestial beings,
235228,K9842942,n,,name of a Buddhist goddess,
235229,K6490701,n,,name of a Nāga,
235230,K6196328,n,,name of a place of pilgrimage,
235231,K8056891,n,,name of a particular position in dancing,
235232,K8135755,n,,one of the 'vehicles' of Buddhism,
235233,K4570599,n,,one of the eleven Rudras,
235234,K2405589,n,,name of one of the Rudras,
235235,K3653072,n,,name of one of the 11 Rudras,
235236,K4413951,n,,name of one of the 11 Rudras,
235237,K8586716,n,,name of one of the 11 Rudras,
235238,K6367252,n,,name of one of the 11 Rudras,
235239,K3430822,n,,name of a horse of the man they later called Ilā,
235240,K5734981,n,,name of a Vasu,
235241,K2014779,n,,name of a Vasu,
235242,K9747996,n,,name of the horse of Śākyamuni,
235243,K8074106,n,,name of a Brāhman; nephew of the Ṛṣi Asita,
235244,K3119435,n,,name of a Rudra,
235245,K1078861,n,,a class of Buddhist deities,
235246,K6957385,n,,name of a Devaputra,
235247,K4712276,n,,name of a writing system,
235248,K6448460,n,,name of a Ṛṣi impaled for stealing,
235249,K2917085,n,,name of a goddess related to the moon,
235250,K1776449,n,,name of one of the wives of Śākyamuni,
235251,K3952390,n,,a kind of Vedic hymn,
235252,K6850305,n,,Bezeichnung eines zus￤tzlich in ein śastra eingeschobenen Verses,
235253,K1273887,n,,name of a class of Buddhist deities,
235254,K3658323,n,,name of a class of Buddhist deities,
235255,K4166778,n,,name of a class of Buddhist deities,
235256,K8561893,n,,a class of kāmāvacāra gods,
235257,K4050611,n,,name of a son of Manu Vaivasvata,
235258,K2018683,n,,name of the hymn attributed to Vṛṣākapi,
235259,K2750501,n,,name of the hymns ṚV 10.61 and 10.62,
235260,K3295966,n,,tr.; '￼berpr￼fend',
235261,K3072981,n,,name of a man,
235262,K2469723,n,,name of a king of Magadha; contemporary and patron of Gautama Buddha,
235263,K7774250,n,,a kind of plant,
235264,K7005440,n,,name of a son of Manu,
235265,K2564928,n,,name of a preceptress aka Vācaknavī,
235266,K4999955,n,,name of a son of Kevala,
235267,K2717790,n,,name of a king of Bandhumatī,
235268,K1259990,n,,name of a kind of brick,
235269,K4856128,n,,name of particular bricks,
235270,K8697941,n,,a special kind of cow,
235271,K3211292,n,,a particular kind of Śastra or hymn,
235272,K9145434,n,,relating to or composed in the Paṅkti metre,
235273,K2253890,n,,name of a man with the patr. Vārṣṇa,
235274,K7357185,n,,name of RV 5.87,
235275,K4883367,n,,name of a Bābhravya,
235276,K4060650,n,,name of Śunaḥśephas father,
235277,K1004830,n,,name of a son of king Rājahaṃsa,
235278,K8222108,n,,name of the wife of king Rājahaṃsa,
235279,K5111155,n,,name of a king of Mālava,
235280,K6414436,n,,the sound or cry hiṅ,
235281,K6906040,n,,name of a man,
235282,K3369162,n,,the ceremony of preparing the three sacred fires,
235283,K6266606,n,,superlative,
235284,K2345256,n,,name of a son of Bṛhaspati,
235285,K5285575,n,,name of an Ātharvaṇa,
235286,K1685731,n,,a kind of Gṛhastha,
235287,K3005446,n,,a kind of Gṛhastha,
235288,K5068108,n,,Brāhman who has preserved his household-fire,
235289,K4524617,n,,a kind of Gṛhastha,
235290,K5078841,n,,a kind of Vānaprastha,
235291,K4501415,n,,a kind of religious mendicant,
235292,K5836667,n,,patr. from Bharadvāja; name of a Ṛṣi,
235293,K5890624,n,,a kind of ascetic,
235294,K9200190,n,,a kind of ascetic,
235295,K3721037,n,,a kind of ascetic,
235296,K6555796,n,,a class of ascetics,
235297,K9718977,n,,the largest of the 3 sacrificial ladles,
235298,K8391413,n,,name of a Hotṛ or Brahman of the gods,
235299,K6243278,n,,'to be' as an auxiliary verb,
235300,K7003954,n,,the Sauparṇa hymn,
235301,K8138959,n,,name of a hymn,
235302,K4315530,n,,name of a king of Videha,
235303,K3635945,n,,name of a king,
235304,K8032324,n,,name of a king,
235305,K4247914,n,,name of a queen,
235307,K5265916,n,,name of one of the seven guardians of Soma,
235308,K7615750,n,,N.pr. eines den Soma h￼tenden Gandharva,
235309,K1556930,n,,name of a celestial guard of the Soma,
235310,K3280604,n,,name of one of the 7 tutelary deities of the Soma plant,
235311,K2394858,n,,name of a Gandharva who protects the soma,
235312,K8708284,n,,name of a Soma-keeper,
235313,K9308655,n,,a soma protecting Gandharva,
235314,K7286022,n,,name of the 17th Nakṣatra,
235315,K9072600,n,,the first part of a Vedic mantra,
235316,K1501528,n,,a hymn to Sūryā,
235317,K7682035,n,,"das Lied  ṚV. 6, 1 , welches das Wort manotā  enth￤lt und beim Thieropfer gebraucht wird",
235318,K8663606,n,,name of a lunar mansion,
235319,K1884303,n,,name of a man aka. Aupāvi,
235320,K9039177,n,,name of a man,
235321,K9798131,n,,name of a man aka Aupaveśi,
235322,K4676589,n,,name of a brick,
235323,K7584661,n,,epitheton of Keśin,
235324,K8325291,n,,name of a Maudgalya,
235325,K7982832,n,,name of a plant,
235326,K9070310,n,,name of one of the dogs of Yama,
235327,K7987073,n,,name of one of the dogs of Yama,
235328,K5861007,n,,a kind of brick,
235329,K4074624,n,,a ceremony in which tryambaka cakes are offered,
235330,K6635589,n,,name of a son of Dhṛtarāṣṭra,
235331,K5931520,n,,name of a Marut,
235332,K1685185,n,,name of a man,
235333,K7940947,n,,name of a priest,
235334,K8069703,n,,name of an Āṅgirasa,
235335,K8915444,n,,milk used in the Agnihotra,
235336,K9187084,n,,name of one of the three assistants of the Udgātṛ priest,
235337,K6150380,n,,name of a son of Bharata,
235338,K9201492,n,,name of particular prayers and oblations,
235339,K6141400,n,,name of particular prayers and oblations,
235340,K6337062,n,,name of particular verses causing victory,
235341,K8157601,n,,a particular vessel for ladling out,
235342,K5689912,n,,name of a class of Asuras,
235343,K3014904,n,,being of the same family or kin,
235344,K6926056,n,,make thirsty,
235345,K3174535,n,,name of various Sāmans,
235346,K9235459,n,,name of various Sāmans,
235347,K3744621,n,,name of a group of Asuras,
235348,K9505390,n,,the 12th lunar mansion,
235349,K3179260,n,,name of one of the five sacred fires,
235350,K4436768,n,,name of the son of Purūravas and Urvaśī; identified with Agni,
235351,K3532616,n,,coming from Prajāpati,
235352,K9316301,n,,a particular Graha or receptacle for Soma,
235353,K2375309,n,,a strophe consisting of 3 verses,
235354,K6292811,n,,dt. 27fach,
235355,K7879633,n,,fifteenfold,
235356,K9742576,n,,to utter the sound hiṃ,
235357,K1358126,n,,thirtythreefold,
235358,K5854981,n,,the priest who assists the Brahman or chief priest at a Soma sacrifice,
235359,K5958005,n,,name of particular verses which may be put at the beginning or middle or end of a hymn,
235360,K6779520,n,,name of a protracted ceremony or sacrifice,
235361,K3640658,n,,name of a son of Manu and Naḍvalā,
235362,K2388199,n,,name of several Sāmans,
235363,K6349846,n,,Name des letzten stotra bei der Abendpressung im agniṣṭoma,
235364,K4481848,n,,name of different Sāmans supposed to render victorious,
235365,K5290821,n,,a kind of stanza,
235366,K8014656,n,,name of the three days before and after the Vishuvat of the Gavāmayana,
235367,K8753009,n,,21st,
235368,K2614840,n,,name of particular recitations,
235369,K6635278,n,,name of a Sāman,
235370,K3168403,n,,name of particular Stotras sung by the Sāmaga at the Jyotiṣṭoma sacrifice,
235371,K4759504,n,,a group of metres,
235372,K8660462,n,,name of the authoress of RV 10.189,
235373,K7841171,n,,"join in the Sāman hymns as Pratihartṛ, i.e. sing the pratihāra",
235374,K5459838,n,,a particular Soma oblation,
235375,K4813623,n,,twentyfourfold,
235376,K1133878,n,,containing or consisting of 25,
235377,K6308265,n,,to become fat,
235378,K7556786,n,,name of various Sāmans,
235379,K7109742,n,,name of a sāman,
235380,K5699628,n,,name of various Sāmans,
235381,K9119046,n,,name of two Sāmans,
235382,K4844290,n,,relating or sacred to all the gods or to the Viśve Devāḥ,
235383,K4107760,n,,name of various Sāmans,
235384,K3833380,n,,coming from the tree Udumbara or Ficus Religiosa,
235385,K8532601,n,,a shed for the Soma vehicles,
235386,K3151172,n,,a sort of subordinate or side-altar,
235387,K1101706,n,,name of 16 Sāmans which belong to the Mahāvratastotra,
235388,K4979413,n,,name of a Sāman,
235389,K3085802,n,,name of a Sāman,
235390,K9072319,n,,name of a Sāman,
235391,K5129174,n,,name of various Sāmans,
235392,K9198945,n,,the eighth day after full moon at the beginning of the year,
235393,K5400142,n,,extraction or solemn preparation of Soma; start of the Soma sacrifice,
235394,K8572711,n,,performer or partaker or companion of a Sattra sacrifice,
235395,K6353833,n,,name of a demon,
235396,K8736082,n,,name of a boar killed by Indra,
235397,K7572100,n,,"practice utsarga, i.e. dismiss a ritual on certain days",
235398,K7374464,n,,the cake offered at an animal sacrifice,
235399,K3731407,n,,make shine,
235400,K1887819,n,,a threefold Stoma,
235401,K7323249,n,,dt. erkl￤rt,
235402,K3901389,n,,name of a Soma ceremony,
235403,K3513336,n,,reaching,
235404,K2727101,n,,Stoma consisting of 4 parts,
235405,K5237041,n,,office or business of a Ṛtvij or sacrificing priest,
235406,K6138632,n,,a large wooden vessel for the Soma,
235407,K8644140,n,,relating to Bṛhaspati,
235408,K3016620,n,,exercise the function of the Udgātṛ,
235409,K6341512,n,,name of the assistant of the Udgātṛ,
235410,K7843737,n,,name of one of the 16 priests,
235411,K8485471,n,,the morning sacrifice,
235412,K2264191,n,,the word 'yaśas',
235413,K2534505,n,,averted,
235414,K8189439,n,,a kind of Sāman,
235415,K4847895,n,,name of several Sāmans,
235416,K7269595,n,,a ceremony introductory to the Soma sacrifice,
235417,K7987727,n,,name of various Sāmans,
235418,K7472902,n,,name of various Sāmans,
235419,K3517531,n,,name of several Sāmans,
235420,K1990443,n,,name of a serpent king,
235421,K6889292,n,,name of a king of the Kiṃnaras,
235422,K7822836,n,,name of a Gandharva,
235423,K2381930,n,,to recite a śastra after the Udgātṛ,
235424,K2843523,n,,name of particular verses,
235425,K5124645,n,,name of a Buddha,
235426,K1883987,n,,name of a Ṛṣi also called Gautama or Kākṣivata,
235427,K9025782,n,,name of a Yati,
235428,K3613033,n,,name of a Yati,
235429,K2399664,n,,name of several Sāmans,
235430,K4956618,n,,name of different Sāmans,
235431,K7049380,n,,name of a sāman,
235432,K8231567,n,,a species of plant serving as a substitute for the Soma plant,
235433,K1162529,n,,name of a divinity belonging to the upper region,
235434,K9629866,n,,the third Soma preparation in the afternoon,
235435,K4505047,n,,name of a sāman,
235436,K5399710,n,,name of various Sāmans,
235438,K8491382,n,,name of several Sāmans,
235439,K9787410,n,,name of one of the two chief disciples of Buddha,
235440,K4397652,n,,name of various Sāmans,
235441,K3644342,n,,a stotra chanted on the rathaṃtara melody,
235442,K1115363,n,,name of various Sāmans,
235443,K9658445,n,,name of various Sāmans,
235444,K1508711,n,,name of a Sāman,
235445,K1578350,n,,name of a son of Virūpa,
235446,K3313605,n,,a kind of ichneumon or mongoose,
235447,K1203855,n,,name of a future Buddha,
235448,K5508320,n,,title of a particular priest or Ṛtvij,
235449,K7994330,n,,name of a future Buddha,
235450,K7697651,n,,name of various Sāmans,
235451,K9931365,n,,name of a forest near Benares,
235452,K3390882,n,,name of a Sāman,
235453,K1946579,n,,name of a sāman,
235454,K2814690,n,,the winning throw of dice,
235455,K2839085,n,,one throw of dice,
235456,K1371691,n,,one throw of dice,
235457,K3747522,n,,name of various Sāmans,
235458,K4311429,n,,name of a Sāman,
235459,K4107515,n,,name of an Aṅgirasī,
235460,K8779139,n,,name of a Sāman,
235461,K4844200,n,,name of a Kāṇva,
235462,K9711446,n,,name of various Sāmans,
235463,K7245610,n,,name of different Sāmans,
235464,K6079400,n,,name of a Ṛṣi with the patr. Dhānāka,
235465,K1907500,n,12,name of particular positions or intertwinings of the fingers,
235466,K5581654,n,12,the energy or active power of a deity personified as his wife,
235467,K5108249,n,12,a divine being adored by Buddhists,
235468,K4271422,n,12,a deity worshipped by Jains,
235469,K571402,n,12,a deity especially worshipped in Vedic times,
235470,K6124465,n,12,"the four books of the Veda (RV, YV, SV, AV)",
